match_id,match_date,kick_off,season_id,season_name,home_team_id,away_team_id,home_score,away_score,match_week,competition_stage,stadium,referee,match_result
3754217,2015-09-19,11:45:00.000,27,2015/2016,33,1,2,0,6,Regular Season,Stamford Bridge,Mike Dean,HOME_WIN
3754117,2015-12-13,12:30:00.000,27,2015/2016,59,1,0,2,16,Regular Season,Villa Park,Kevin Friend,AWAY_WIN
3754296,2015-12-21,19:00:00.000,27,2015/2016,1,36,2,1,17,Regular Season,Emirates Stadium,Andre Marriner,HOME_WIN
3753983,2015-10-31,14:00:00.000,27,2015/2016,26,1,0,3,11,Regular Season,Swansea.com Stadium,Kevin Friend,AWAY_WIN
3754160,2015-12-05,14:00:00.000,27,2015/2016,1,41,3,1,15,Regular Season,Emirates Stadium,Robert Madley,HOME_WIN
3754129,2015-08-24,19:00:00.000,27,2015/2016,1,24,0,0,3,Regular Season,Emirates Stadium,Michael Oliver,DRAW
3754309,2015-12-26,18:45:00.000,27,2015/2016,25,1,4,0,18,Regular Season,St. Mary's Stadium,Jonathan Moss,HOME_WIN
3754047,2015-11-29,15:15:00.000,27,2015/2016,24,26,1,0,14,Regular Season,Anfield ,Anthony Taylor,HOME_WIN
3754058,2016-01-02,16:00:00.000,27,2015/2016,22,28,0,0,20,Regular Season,King Power Stadium ,Andre Marriner,DRAW
3754245,2015-10-17,16:00:00.000,27,2015/2016,27,41,1,0,9,Regular Season,The Hawthorns,Martin Atkinson,HOME_WIN
3754136,2015-12-19,18:30:00.000,27,2015/2016,37,59,1,1,17,Regular Season,St. James' Park,Martin Atkinson,DRAW
3754037,2016-04-30,16:00:00.000,27,2015/2016,29,28,2,1,36,Regular Season,Goodison Park,Neil Swarbrick,HOME_WIN
3754039,2016-02-13,16:00:00.000,27,2015/2016,31,23,1,2,26,Regular Season,Selhurst Park,Robert Madley,AWAY_WIN
3754041,2016-05-15,16:00:00.000,27,2015/2016,1,59,4,0,38,Regular Season,Emirates Stadium,Mark Clattenburg,HOME_WIN
3754042,2016-05-15,16:00:00.000,27,2015/2016,27,24,1,1,38,Regular Season,The Hawthorns,Robert Madley,DRAW
3754043,2016-03-20,17:00:00.000,27,2015/2016,38,28,3,0,31,Regular Season,White Hart Lane,Neil Swarbrick,HOME_WIN
3754045,2015-12-29,20:45:00.000,27,2015/2016,22,36,0,0,19,Regular Season,King Power Stadium ,Craig Pawson,DRAW
3754048,2016-04-13,21:00:00.000,27,2015/2016,31,29,0,0,35,Regular Season,Selhurst Park,Mike Jones,DRAW
3754049,2016-02-27,16:00:00.000,27,2015/2016,22,56,1,0,27,Regular Season,King Power Stadium ,Neil Swarbrick,HOME_WIN
3754050,2016-03-01,20:45:00.000,27,2015/2016,41,31,2,2,28,Regular Season,Stadium of Light,Anthony Taylor,DRAW
3754052,2016-03-19,16:00:00.000,27,2015/2016,27,56,0,1,31,Regular Season,The Hawthorns,Anthony Taylor,AWAY_WIN
3754053,2016-03-13,17:00:00.000,27,2015/2016,59,38,0,2,30,Regular Season,Villa Park,Anthony Taylor,AWAY_WIN
3754055,2016-05-11,21:00:00.000,27,2015/2016,24,33,1,1,30,Regular Season,Anfield ,Michael Oliver,DRAW
3754226,2015-12-30,20:45:00.000,27,2015/2016,41,24,0,1,19,Regular Season,Stadium of Light,Kevin Friend,AWAY_WIN
3754014,2015-12-26,13:45:00.000,27,2015/2016,30,39,2,0,18,Regular Season,bet365 Stadium,Kevin Friend,HOME_WIN
3754091,2015-10-24,16:00:00.000,27,2015/2016,30,23,0,2,10,Regular Season,bet365 Stadium,Martin Atkinson,AWAY_WIN
3754135,2015-12-05,13:45:00.000,27,2015/2016,30,36,2,0,15,Regular Season,bet365 Stadium,Martin Atkinson,HOME_WIN
3754293,2015-11-07,18:30:00.000,27,2015/2016,30,33,1,0,12,Regular Season,bet365 Stadium,Anthony Taylor,HOME_WIN
3754339,2015-09-26,16:00:00.000,27,2015/2016,30,28,2,1,7,Regular Season,bet365 Stadium,Lee Mason,HOME_WIN
3754146,2015-09-19,16:00:00.000,27,2015/2016,30,22,2,2,6,Regular Season,bet365 Stadium,Andre Marriner,DRAW
3754347,2015-12-05,16:00:00.000,27,2015/2016,39,40,0,0,15,Regular Season,Old Trafford,Mark Clattenburg,DRAW
3754255,2015-12-13,17:00:00.000,27,2015/2016,24,27,2,2,16,Regular Season,Anfield ,Craig Pawson,DRAW
3754278,2015-10-03,16:00:00.000,27,2015/2016,28,23,1,1,8,Regular Season,Vitality Stadium,Michael Oliver,DRAW
3753979,2015-11-23,21:00:00.000,27,2015/2016,31,41,0,1,13,Regular Season,Selhurst Park,Martin Atkinson,AWAY_WIN
3753972,2015-11-21,16:00:00.000,27,2015/2016,26,28,2,2,13,Regular Season,Swansea.com Stadium,Andre Marriner,DRAW
3753978,2015-09-26,16:00:00.000,27,2015/2016,25,26,3,1,7,Regular Season,St. Mary's Stadium,Roger East,HOME_WIN
3753974,2015-12-26,18:30:00.000,27,2015/2016,37,29,0,1,18,Regular Season,St. James' Park,Lee Mason,AWAY_WIN
3753993,2015-08-15,16:00:00.000,27,2015/2016,41,56,1,3,2,Regular Season,Stadium of Light,Kevin Friend,AWAY_WIN
3754015,2015-10-25,15:05:00.000,27,2015/2016,39,36,0,0,10,Regular Season,Old Trafford,Mark Clattenburg,DRAW
3754038,2015-11-29,17:15:00.000,27,2015/2016,56,1,1,1,14,Regular Season,Carrow Road,Jonathan Moss,DRAW
3754001,2015-09-26,18:30:00.000,27,2015/2016,37,33,2,2,7,Regular Season,St. James' Park,Martin Atkinson,DRAW
3754007,2015-08-29,16:00:00.000,27,2015/2016,30,27,0,1,4,Regular Season,bet365 Stadium,Michael Oliver,AWAY_WIN
3754008,2015-09-26,16:00:00.000,27,2015/2016,39,41,3,0,7,Regular Season,Old Trafford,Mike Jones,HOME_WIN
3754029,2015-11-02,21:00:00.000,27,2015/2016,38,59,3,1,11,Regular Season,White Hart Lane,Mike Dean,HOME_WIN
3753995,2015-10-03,18:30:00.000,27,2015/2016,33,25,1,3,8,Regular Season,Stamford Bridge,Robert Madley,AWAY_WIN
3753999,2015-10-17,18:30:00.000,27,2015/2016,23,1,0,3,9,Regular Season,Vicarage Road,Mike Jones,AWAY_WIN
3754017,2015-10-24,16:00:00.000,27,2015/2016,59,26,1,2,10,Regular Season,Villa Park,Neil Swarbrick,AWAY_WIN
3754006,2015-10-31,16:00:00.000,27,2015/2016,27,22,2,3,11,Regular Season,The Hawthorns,Anthony Taylor,AWAY_WIN
3754023,2015-08-29,16:00:00.000,27,2015/2016,28,22,1,1,4,Regular Season,Vitality Stadium,Neil Swarbrick,DRAW
3753984,2015-08-29,16:00:00.000,27,2015/2016,24,40,0,3,4,Regular Season,Anfield ,Kevin Friend,AWAY_WIN
3754011,2015-09-20,17:00:00.000,27,2015/2016,25,39,2,3,6,Regular Season,St. Mary's Stadium,Mark Clattenburg,AWAY_WIN
3754010,2015-09-19,16:00:00.000,27,2015/2016,37,23,1,2,6,Regular Season,St. James' Park,Roger East,AWAY_WIN
3754028,2015-11-28,16:00:00.000,27,2015/2016,36,25,3,1,14,Regular Season,Etihad Stadium,Roger East,HOME_WIN
3753996,2015-11-21,16:00:00.000,27,2015/2016,33,56,1,0,13,Regular Season,Stamford Bridge,Craig Pawson,HOME_WIN
3754025,2015-12-19,16:00:00.000,27,2015/2016,33,41,3,1,17,Regular Season,Stamford Bridge,Roger East,HOME_WIN
3754068,2015-09-19,16:00:00.000,27,2015/2016,59,27,0,1,6,Regular Season,Villa Park,Martin Atkinson,AWAY_WIN
3754056,2015-12-28,16:00:00.000,27,2015/2016,29,30,3,4,19,Regular Season,Goodison Park,Mark Clattenburg,AWAY_WIN
3754040,2015-09-20,17:00:00.000,27,2015/2016,24,56,1,1,6,Regular Season,Anfield ,Anthony Taylor,DRAW
3754074,2015-10-04,17:00:00.000,27,2015/2016,26,38,2,2,8,Regular Season,Swansea.com Stadium,Mike Dean,DRAW
3754076,2015-10-03,16:00:00.000,27,2015/2016,41,40,2,2,8,Regular Season,Stadium of Light,Neil Swarbrick,DRAW
3754067,2015-10-17,16:00:00.000,27,2015/2016,31,40,1,3,9,Regular Season,Selhurst Park,Mark Clattenburg,AWAY_WIN
3754079,2015-10-03,16:00:00.000,27,2015/2016,36,37,6,1,8,Regular Season,Etihad Stadium,Kevin Friend,HOME_WIN
3754090,2015-10-31,16:00:00.000,27,2015/2016,37,30,0,0,11,Regular Season,St. James' Park,Roger East,DRAW
3754083,2015-08-29,16:00:00.000,27,2015/2016,33,31,1,2,4,Regular Season,Stamford Bridge,Craig Pawson,AWAY_WIN
3754077,2015-09-19,18:30:00.000,27,2015/2016,36,40,1,2,6,Regular Season,Etihad Stadium,Robert Madley,AWAY_WIN
3754060,2015-10-04,14:30:00.000,27,2015/2016,29,24,1,1,8,Regular Season,Goodison Park,Martin Atkinson,DRAW
3754073,2015-12-05,18:30:00.000,27,2015/2016,33,28,0,1,15,Regular Season,Stamford Bridge,Mike Jones,AWAY_WIN
3754085,2015-12-05,16:00:00.000,27,2015/2016,26,22,0,3,15,Regular Season,Swansea.com Stadium,Michael Oliver,AWAY_WIN
3754051,2015-12-20,14:30:00.000,27,2015/2016,23,24,3,0,17,Regular Season,Vicarage Road,Mark Clattenburg,HOME_WIN
3754093,2015-11-29,13:00:00.000,27,2015/2016,38,33,0,0,14,Regular Season,White Hart Lane,Michael Oliver,DRAW
3754046,2015-12-07,21:00:00.000,27,2015/2016,29,31,1,1,15,Regular Season,Goodison Park,Craig Pawson,DRAW
3754072,2015-12-12,16:00:00.000,27,2015/2016,41,23,0,1,16,Regular Season,Stadium of Light,Graham Scott,AWAY_WIN
3754082,2015-11-01,14:30:00.000,27,2015/2016,29,41,6,2,11,Regular Season,Goodison Park,Andre Marriner,HOME_WIN
3754106,2015-09-13,17:00:00.000,27,2015/2016,22,59,3,2,5,Regular Season,King Power Stadium ,Mike Dean,HOME_WIN
3754099,2015-10-03,13:45:00.000,27,2015/2016,31,27,2,0,8,Regular Season,Selhurst Park,Jonathan Moss,HOME_WIN
3754098,2015-10-31,13:45:00.000,27,2015/2016,33,24,1,3,11,Regular Season,Stamford Bridge,Mark Clattenburg,AWAY_WIN
3754057,2015-12-26,16:00:00.000,27,2015/2016,38,56,3,0,18,Regular Season,White Hart Lane,Mike Jones,HOME_WIN
3754112,2015-08-09,14:30:00.000,27,2015/2016,37,25,2,2,1,Regular Season,St. James' Park,Craig Pawson,DRAW
3754104,2015-08-22,16:00:00.000,27,2015/2016,56,30,1,1,3,Regular Season,Carrow Road,Mike Dean,DRAW
3754054,2015-12-26,16:00:00.000,27,2015/2016,36,41,4,1,18,Regular Season,Etihad Stadium,Anthony Taylor,HOME_WIN
3754113,2015-12-05,16:00:00.000,27,2015/2016,25,59,1,1,15,Regular Season,St. Mary's Stadium,Anthony Taylor,DRAW
3754107,2015-08-14,20:45:00.000,27,2015/2016,59,39,0,1,2,Regular Season,Villa Park,Mike Dean,AWAY_WIN
3754105,2015-09-28,21:00:00.000,27,2015/2016,27,29,2,3,7,Regular Season,The Hawthorns,Robert Madley,AWAY_WIN
3754097,2015-08-08,13:45:00.000,27,2015/2016,39,38,1,0,1,Regular Season,Old Trafford,Jonathan Moss,HOME_WIN
3754102,2015-10-18,17:00:00.000,27,2015/2016,37,56,6,2,9,Regular Season,St. James' Park,Anthony Taylor,HOME_WIN
3754115,2015-10-17,16:00:00.000,27,2015/2016,33,59,2,0,9,Regular Season,Stamford Bridge,Roger East,HOME_WIN
3754148,2015-09-13,14:30:00.000,27,2015/2016,41,38,0,1,5,Regular Season,Stadium of Light,Craig Pawson,AWAY_WIN
3754169,2015-09-19,16:00:00.000,27,2015/2016,28,41,2,0,6,Regular Season,Vitality Stadium,Kevin Friend,HOME_WIN
3754174,2015-09-26,16:00:00.000,27,2015/2016,22,1,2,5,7,Regular Season,King Power Stadium ,Craig Pawson,AWAY_WIN
3754185,2015-11-21,13:45:00.000,27,2015/2016,23,39,1,2,13,Regular Season,Vicarage Road,Robert Madley,AWAY_WIN
3754162,2015-12-12,18:30:00.000,27,2015/2016,28,39,2,1,16,Regular Season,Vitality Stadium,Anthony Taylor,HOME_WIN
3754096,2015-12-12,16:00:00.000,27,2015/2016,40,30,0,0,16,Regular Season,Boleyn Ground,Andre Marriner,DRAW
3754171,2015-10-04,17:00:00.000,27,2015/2016,1,39,3,0,8,Regular Season,Emirates Stadium,Anthony Taylor,HOME_WIN
3754119,2015-10-25,13:00:00.000,27,2015/2016,41,37,3,0,10,Regular Season,Stadium of Light,Robert Madley,HOME_WIN
3754126,2015-10-24,18:30:00.000,27,2015/2016,1,29,2,1,10,Regular Season,Emirates Stadium,Lee Mason,HOME_WIN
3754133,2015-10-24,16:00:00.000,27,2015/2016,56,27,0,1,10,Regular Season,Carrow Road,Kevin Friend,AWAY_WIN
3754167,2015-10-31,16:00:00.000,27,2015/2016,36,56,2,1,11,Regular Season,Etihad Stadium,Robert Madley,HOME_WIN
3754145,2015-08-10,21:00:00.000,27,2015/2016,27,36,0,3,1,Regular Season,The Hawthorns,Mike Dean,AWAY_WIN
3754153,2015-12-19,16:00:00.000,27,2015/2016,30,31,1,2,17,Regular Season,bet365 Stadium,Robert Madley,AWAY_WIN
3754143,2015-12-06,17:00:00.000,27,2015/2016,37,24,2,0,15,Regular Season,St. James' Park,Andre Marriner,HOME_WIN
3754186,2015-11-28,18:30:00.000,27,2015/2016,22,39,1,1,14,Regular Season,King Power Stadium ,Craig Pawson,DRAW
3754130,2015-12-28,16:00:00.000,27,2015/2016,56,59,2,0,19,Regular Season,Carrow Road,Graham Scott,HOME_WIN
3754188,2015-12-19,16:00:00.000,27,2015/2016,25,38,0,2,17,Regular Season,St. Mary's Stadium,Kevin Friend,AWAY_WIN
3754178,2015-11-28,16:00:00.000,27,2015/2016,59,23,2,3,14,Regular Season,Villa Park,Lee Mason,AWAY_WIN
3754157,2015-11-28,16:00:00.000,27,2015/2016,28,29,3,3,14,Regular Season,Vitality Stadium,Kevin Friend,DRAW
3754166,2015-12-19,16:00:00.000,27,2015/2016,29,22,2,3,17,Regular Season,Goodison Park,Jonathan Moss,AWAY_WIN
3754211,2015-11-21,16:00:00.000,27,2015/2016,37,22,0,3,13,Regular Season,St. James' Park,Mike Jones,AWAY_WIN
3754150,2015-11-28,16:00:00.000,27,2015/2016,41,30,2,0,14,Regular Season,Stadium of Light,Mike Dean,HOME_WIN
3754218,2015-12-12,16:00:00.000,27,2015/2016,31,25,1,0,16,Regular Season,Selhurst Park,Mike Dean,HOME_WIN
3754205,2015-08-29,13:45:00.000,27,2015/2016,37,1,0,1,4,Regular Season,St. James' Park,Andre Marriner,AWAY_WIN
3754221,2015-08-30,17:00:00.000,27,2015/2016,26,39,2,1,4,Regular Season,Swansea.com Stadium,Martin Atkinson,HOME_WIN
3754198,2015-10-17,13:45:00.000,27,2015/2016,38,24,0,0,9,Regular Season,White Hart Lane,Craig Pawson,DRAW
3754193,2015-10-17,16:00:00.000,27,2015/2016,36,28,5,1,9,Regular Season,Etihad Stadium,Mike Dean,HOME_WIN
3754222,2015-09-20,14:30:00.000,27,2015/2016,38,31,1,0,6,Regular Season,White Hart Lane,Michael Oliver,HOME_WIN
3754213,2015-09-12,16:00:00.000,27,2015/2016,23,26,1,0,5,Regular Season,Vicarage Road,Robert Madley,HOME_WIN
3754212,2015-09-26,16:00:00.000,27,2015/2016,24,59,3,2,7,Regular Season,Anfield ,Jonathan Moss,HOME_WIN
3754223,2015-10-31,16:00:00.000,27,2015/2016,31,39,0,0,11,Regular Season,Selhurst Park,Mike Jones,DRAW
3754197,2015-09-26,13:45:00.000,27,2015/2016,38,36,4,1,7,Regular Season,White Hart Lane,Mark Clattenburg,HOME_WIN
3754208,2015-11-21,18:30:00.000,27,2015/2016,36,24,1,4,13,Regular Season,Etihad Stadium,Jonathan Moss,AWAY_WIN
3754204,2015-08-29,16:00:00.000,27,2015/2016,59,41,2,2,4,Regular Season,Villa Park,Robert Madley,DRAW
3754194,2015-11-07,16:00:00.000,27,2015/2016,40,29,1,1,12,Regular Season,Boleyn Ground,Paul Tierney,DRAW
3754219,2015-12-19,16:00:00.000,27,2015/2016,27,28,1,2,17,Regular Season,The Hawthorns,Mike Dean,AWAY_WIN
3754254,2015-08-22,13:45:00.000,27,2015/2016,39,37,0,0,3,Regular Season,Old Trafford,Craig Pawson,DRAW
3754230,2015-10-25,17:15:00.000,27,2015/2016,24,25,1,1,10,Regular Season,Anfield ,Andre Marriner,DRAW
3754285,2015-12-26,16:00:00.000,27,2015/2016,59,40,1,1,18,Regular Season,Villa Park,Mike Dean,DRAW
3754233,2015-08-23,17:00:00.000,27,2015/2016,29,36,0,2,3,Regular Season,Goodison Park,Anthony Taylor,AWAY_WIN
3754270,2015-08-15,16:00:00.000,27,2015/2016,38,30,2,2,2,Regular Season,White Hart Lane,Robert Madley,DRAW
3754237,2015-08-08,16:00:00.000,27,2015/2016,22,41,4,2,1,Regular Season,King Power Stadium ,Lee Mason,HOME_WIN
3754257,2015-09-12,16:00:00.000,27,2015/2016,31,36,0,1,5,Regular Season,Selhurst Park,Mike Jones,AWAY_WIN
3754266,2015-09-27,17:00:00.000,27,2015/2016,23,31,0,1,7,Regular Season,Vicarage Road,Anthony Taylor,AWAY_WIN
3754256,2015-10-17,16:00:00.000,27,2015/2016,29,39,0,3,9,Regular Season,Goodison Park,Jonathan Moss,AWAY_WIN
3754288,2015-10-24,16:00:00.000,27,2015/2016,40,33,2,1,10,Regular Season,Boleyn Ground,Jonathan Moss,HOME_WIN
3754238,2015-11-07,13:45:00.000,27,2015/2016,28,37,0,1,12,Regular Season,Vitality Stadium,Lee Mason,AWAY_WIN
3754269,2015-10-19,21:00:00.000,27,2015/2016,26,30,0,1,9,Regular Season,Swansea.com Stadium,Robert Madley,AWAY_WIN
3754234,2015-10-25,15:05:00.000,27,2015/2016,28,38,1,5,10,Regular Season,Vitality Stadium,Roger East,AWAY_WIN
3754246,2015-08-29,16:00:00.000,27,2015/2016,36,23,2,0,4,Regular Season,Etihad Stadium,Mark Clattenburg,HOME_WIN
3754273,2015-10-31,16:00:00.000,27,2015/2016,23,40,2,0,11,Regular Season,Vicarage Road,Keith Stroud,HOME_WIN
3754263,2015-10-24,16:00:00.000,27,2015/2016,22,31,1,0,10,Regular Season,King Power Stadium ,Mike Dean,HOME_WIN
3754268,2015-08-29,18:30:00.000,27,2015/2016,38,29,0,0,4,Regular Season,White Hart Lane,Mike Jones,DRAW
3754286,2015-12-05,16:00:00.000,27,2015/2016,23,56,2,0,15,Regular Season,Vicarage Road,Mike Dean,HOME_WIN
3754291,2015-12-28,16:00:00.000,27,2015/2016,23,38,1,2,19,Regular Season,Vicarage Road,Anthony Taylor,AWAY_WIN
3754283,2015-11-21,16:00:00.000,27,2015/2016,29,59,4,0,13,Regular Season,Goodison Park,Michael Oliver,HOME_WIN
3754235,2015-11-29,15:05:00.000,27,2015/2016,40,27,1,1,14,Regular Season,Boleyn Ground,Martin Atkinson,DRAW
3754279,2015-12-26,16:00:00.000,27,2015/2016,26,27,1,0,18,Regular Season,Swansea.com Stadium,Roger East,HOME_WIN
3754276,2015-12-13,17:00:00.000,27,2015/2016,38,37,1,2,16,Regular Season,White Hart Lane,Roger East,AWAY_WIN
3754287,2015-12-26,16:00:00.000,27,2015/2016,33,23,2,2,18,Regular Season,Stamford Bridge,Andre Marriner,DRAW
3754259,2015-12-20,17:00:00.000,27,2015/2016,26,40,0,0,17,Regular Season,Swansea.com Stadium,Lee Mason,DRAW
3754335,2015-10-03,16:00:00.000,27,2015/2016,56,22,1,2,8,Regular Season,Carrow Road,Mark Clattenburg,AWAY_WIN
3754298,2015-09-19,16:00:00.000,27,2015/2016,26,29,0,0,6,Regular Season,Swansea.com Stadium,Stuart Attwell,DRAW
3754315,2015-09-12,16:00:00.000,27,2015/2016,56,28,3,1,5,Regular Season,Carrow Road,Martin Atkinson,HOME_WIN
3754330,2015-10-03,16:00:00.000,27,2015/2016,59,30,0,1,8,Regular Season,Villa Park,Mike Jones,AWAY_WIN
3754337,2015-08-30,14:30:00.000,27,2015/2016,25,56,3,0,4,Regular Season,St. Mary's Stadium,Jonathan Moss,HOME_WIN
3754297,2015-11-07,16:00:00.000,27,2015/2016,39,27,2,0,12,Regular Season,Old Trafford,Mike Dean,HOME_WIN
3754301,2015-11-21,16:00:00.000,27,2015/2016,27,1,2,1,13,Regular Season,The Hawthorns,Mark Clattenburg,HOME_WIN
3754323,2015-09-26,16:00:00.000,27,2015/2016,40,56,2,2,7,Regular Season,Boleyn Ground,Mike Dean,DRAW
3754304,2015-11-28,16:00:00.000,27,2015/2016,31,37,5,1,14,Regular Season,Selhurst Park,Stuart Attwell,HOME_WIN
3754311,2015-11-07,16:00:00.000,27,2015/2016,56,26,1,0,12,Regular Season,Carrow Road,Mark Clattenburg,HOME_WIN
3754328,2015-12-12,16:00:00.000,27,2015/2016,36,26,2,1,16,Regular Season,Etihad Stadium,Robert Madley,HOME_WIN
3754325,2015-09-12,16:00:00.000,27,2015/2016,27,25,0,0,5,Regular Season,The Hawthorns,Stuart Attwell,DRAW
3754329,2015-09-14,21:00:00.000,27,2015/2016,40,37,2,0,5,Regular Season,Boleyn Ground,Anthony Taylor,HOME_WIN
3754302,2015-10-17,16:00:00.000,27,2015/2016,25,22,2,2,9,Regular Season,St. Mary's Stadium,Paul Tierney,DRAW
3754013,2015-12-14,21:00:00.000,27,2015/2016,22,33,2,1,16,Regular Season,King Power Stadium ,Mark Clattenburg,HOME_WIN
3754044,2015-12-19,16:00:00.000,27,2015/2016,39,56,1,2,17,Regular Season,Old Trafford,Michael Oliver,AWAY_WIN
3754351,2015-11-08,17:00:00.000,27,2015/2016,24,31,1,2,12,Regular Season,Anfield ,Neil Swarbrick,AWAY_WIN
3754343,2015-12-26,16:00:00.000,27,2015/2016,24,22,1,0,18,Regular Season,Anfield ,Martin Atkinson,HOME_WIN
3754109,2015-11-22,17:00:00.000,27,2015/2016,38,40,4,1,13,Regular Season,White Hart Lane,Anthony Taylor,HOME_WIN
3754182,2015-12-12,13:45:00.000,27,2015/2016,56,29,1,1,16,Regular Season,Carrow Road,Martin Atkinson,DRAW
3754240,2015-09-12,16:00:00.000,27,2015/2016,1,30,2,0,5,Regular Season,Emirates Stadium,Jonathan Moss,HOME_WIN
3754336,2015-09-12,13:45:00.000,27,2015/2016,29,33,3,1,5,Regular Season,Goodison Park,Andre Marriner,HOME_WIN
3754247,2015-11-21,16:00:00.000,27,2015/2016,25,30,0,1,13,Regular Season,St. Mary's Stadium,Lee Mason,AWAY_WIN
3754156,2015-11-07,16:00:00.000,27,2015/2016,22,23,2,1,12,Regular Season,King Power Stadium ,Roger East,HOME_WIN
3754265,2015-11-08,17:00:00.000,27,2015/2016,1,38,1,1,12,Regular Season,Emirates Stadium,Martin Atkinson,DRAW
3754000,2015-11-07,16:00:00.000,27,2015/2016,41,25,0,1,12,Regular Season,Stadium of Light,Mike Jones,AWAY_WIN
3754003,2015-09-12,18:30:00.000,27,2015/2016,39,24,3,1,5,Regular Season,Old Trafford,Michael Oliver,HOME_WIN
3754344,2015-08-15,16:00:00.000,27,2015/2016,26,37,2,0,2,Regular Season,Swansea.com Stadium,Mike Jones,HOME_WIN
3754131,2015-08-22,16:00:00.000,27,2015/2016,40,28,3,4,3,Regular Season,Boleyn Ground,Jonathan Moss,AWAY_WIN
3754300,2015-08-08,16:00:00.000,27,2015/2016,29,23,2,2,1,Regular Season,Goodison Park,Mike Jones,DRAW
3754312,2015-08-16,14:30:00.000,27,2015/2016,31,1,1,2,2,Regular Season,Selhurst Park,Lee Mason,AWAY_WIN
3754138,2015-08-08,16:00:00.000,27,2015/2016,56,31,1,3,1,Regular Season,Carrow Road,Simon Hooper,AWAY_WIN
3754203,2015-08-15,16:00:00.000,27,2015/2016,40,22,1,2,2,Regular Season,Boleyn Ground,Anthony Taylor,AWAY_WIN
3754190,2015-08-22,16:00:00.000,27,2015/2016,31,59,2,1,3,Regular Season,Selhurst Park,Keith Stroud,HOME_WIN
3754066,2015-08-16,17:00:00.000,27,2015/2016,36,33,3,0,2,Regular Season,Etihad Stadium,Martin Atkinson,HOME_WIN
3754034,2015-08-15,13:45:00.000,27,2015/2016,25,29,0,3,2,Regular Season,St. Mary's Stadium,Michael Oliver,AWAY_WIN
3753985,2015-08-09,17:00:00.000,27,2015/2016,30,24,0,1,1,Regular Season,bet365 Stadium,Anthony Taylor,AWAY_WIN
3753987,2015-08-22,16:00:00.000,27,2015/2016,22,38,1,1,3,Regular Season,King Power Stadium ,Martin Atkinson,DRAW
3754189,2015-08-23,17:00:00.000,27,2015/2016,23,25,0,0,3,Regular Season,Vicarage Road,Andre Marriner,DRAW
3754180,2015-08-22,16:00:00.000,27,2015/2016,41,26,1,1,3,Regular Season,Stadium of Light,Neil Swarbrick,DRAW
3754059,2015-08-23,14:30:00.000,27,2015/2016,27,33,2,3,3,Regular Season,The Hawthorns,Mark Clattenburg,AWAY_WIN
3754064,2016-03-20,14:30:00.000,27,2015/2016,25,24,3,2,31,Regular Season,St. Mary's Stadium,Roger East,HOME_WIN
3754065,2016-01-13,21:00:00.000,27,2015/2016,38,22,0,1,21,Regular Season,White Hart Lane,Lee Mason,AWAY_WIN
3754173,2015-12-28,16:30:00.000,27,2015/2016,1,28,2,0,19,Regular Season,Emirates Stadium,Roger East,HOME_WIN
3754175,2016-04-02,16:00:00.000,27,2015/2016,41,27,0,0,32,Regular Season,Stadium of Light,Roger East,DRAW
3753973,2016-03-19,16:00:00.000,27,2015/2016,33,40,2,2,31,Regular Season,Stamford Bridge,Robert Madley,DRAW
3753975,2016-01-23,16:00:00.000,27,2015/2016,41,28,1,1,23,Regular Season,Stadium of Light,Roger East,DRAW
3753976,2016-03-02,20:45:00.000,27,2015/2016,1,26,1,2,28,Regular Season,Emirates Stadium,Robert Madley,AWAY_WIN
3753977,2016-03-19,16:00:00.000,27,2015/2016,23,30,1,2,31,Regular Season,Vicarage Road,Craig Pawson,AWAY_WIN
3753980,2016-03-19,11:45:00.000,27,2015/2016,29,1,0,2,31,Regular Season,Goodison Park,Mark Clattenburg,AWAY_WIN
3753981,2016-01-12,20:45:00.000,27,2015/2016,59,31,1,0,21,Regular Season,Villa Park,Mark Clattenburg,HOME_WIN
3753982,2016-04-03,14:30:00.000,27,2015/2016,22,25,1,0,32,Regular Season,King Power Stadium ,Michael Oliver,HOME_WIN
3753986,2016-04-10,17:00:00.000,27,2015/2016,24,30,4,1,33,Regular Season,Anfield ,Mark Clattenburg,HOME_WIN
3753988,2016-03-12,16:00:00.000,27,2015/2016,28,26,3,2,30,Regular Season,Vitality Stadium,Roger East,HOME_WIN
3753989,2016-05-11,20:45:00.000,27,2015/2016,41,29,3,0,30,Regular Season,Stadium of Light,Anthony Taylor,HOME_WIN
3753990,2016-04-24,15:05:00.000,27,2015/2016,41,1,0,0,35,Regular Season,Stadium of Light,Mike Dean,DRAW
3753991,2016-03-02,21:00:00.000,27,2015/2016,24,36,3,0,28,Regular Season,Anfield ,Martin Atkinson,HOME_WIN
3753992,2016-05-08,14:30:00.000,27,2015/2016,38,25,1,2,37,Regular Season,White Hart Lane,Jonathan Moss,AWAY_WIN
3753994,2016-05-15,16:00:00.000,27,2015/2016,25,31,4,1,38,Regular Season,St. Mary's Stadium,Michael Oliver,HOME_WIN
3753997,2016-02-02,20:45:00.000,27,2015/2016,40,59,2,0,24,Regular Season,Boleyn Ground,Jonathan Moss,HOME_WIN
3753998,2015-12-28,18:30:00.000,27,2015/2016,40,25,2,1,19,Regular Season,Boleyn Ground,Michael Oliver,HOME_WIN
3754002,2016-03-14,21:00:00.000,27,2015/2016,22,37,1,0,30,Regular Season,King Power Stadium ,Craig Pawson,HOME_WIN
3754004,2016-01-16,16:00:00.000,27,2015/2016,28,56,3,0,22,Regular Season,Vitality Stadium,Robert Madley,HOME_WIN
3754005,2016-03-02,20:45:00.000,27,2015/2016,30,37,1,0,28,Regular Season,bet365 Stadium,Neil Swarbrick,HOME_WIN
3754009,2016-04-17,17:00:00.000,27,2015/2016,1,31,1,1,34,Regular Season,Emirates Stadium,Roger East,DRAW
3754012,2016-02-27,16:00:00.000,27,2015/2016,25,33,1,2,27,Regular Season,St. Mary's Stadium,Martin Atkinson,AWAY_WIN
3754016,2016-04-09,16:00:00.000,27,2015/2016,25,37,3,1,33,Regular Season,St. Mary's Stadium,Robert Madley,HOME_WIN
3754018,2016-05-01,13:00:00.000,27,2015/2016,26,24,3,1,36,Regular Season,Swansea.com Stadium,Roger East,HOME_WIN
3754019,2015-12-28,18:30:00.000,27,2015/2016,39,33,0,0,19,Regular Season,Old Trafford,Martin Atkinson,DRAW
3754021,2016-01-12,20:45:00.000,27,2015/2016,28,40,1,3,21,Regular Season,Vitality Stadium,Martin Atkinson,AWAY_WIN
3754022,2016-04-09,16:00:00.000,27,2015/2016,31,56,1,0,33,Regular Season,Selhurst Park,Michael Oliver,HOME_WIN
3754024,2016-04-16,16:00:00.000,27,2015/2016,37,26,3,0,34,Regular Season,St. James' Park,Lee Mason,HOME_WIN
3754026,2016-05-07,16:00:00.000,27,2015/2016,31,30,2,1,37,Regular Season,Selhurst Park,Kevin Friend,HOME_WIN
3754027,2016-01-16,13:45:00.000,27,2015/2016,38,41,4,1,22,Regular Season,White Hart Lane,Mike Dean,HOME_WIN
3754030,2016-04-09,16:00:00.000,27,2015/2016,23,29,1,1,33,Regular Season,Vicarage Road,Kevin Friend,DRAW
3754031,2016-02-13,13:45:00.000,27,2015/2016,41,39,2,1,26,Regular Season,Stadium of Light,Andre Marriner,HOME_WIN
3754032,2016-01-13,20:45:00.000,27,2015/2016,30,56,3,1,21,Regular Season,bet365 Stadium,Neil Swarbrick,HOME_WIN
3754033,2016-05-07,18:30:00.000,27,2015/2016,22,29,3,1,37,Regular Season,King Power Stadium ,Andre Marriner,HOME_WIN
3754035,2016-04-09,18:30:00.000,27,2015/2016,36,27,2,1,33,Regular Season,Etihad Stadium,Mike Jones,HOME_WIN
3754036,2016-01-02,16:00:00.000,27,2015/2016,41,59,3,1,20,Regular Season,Stadium of Light,Craig Pawson,HOME_WIN
3754061,2016-03-05,16:00:00.000,27,2015/2016,33,30,1,1,29,Regular Season,Stamford Bridge,Mark Clattenburg,DRAW
3754062,2016-01-13,20:45:00.000,27,2015/2016,33,27,2,2,21,Regular Season,Stamford Bridge,Anthony Taylor,DRAW
3754063,2016-04-30,16:00:00.000,27,2015/2016,23,59,3,2,36,Regular Season,Vicarage Road,Anthony Taylor,HOME_WIN
3754069,2016-01-02,14:00:00.000,27,2015/2016,1,37,1,0,20,Regular Season,Emirates Stadium,Anthony Taylor,HOME_WIN
3754070,2016-05-07,16:00:00.000,27,2015/2016,59,37,0,0,37,Regular Season,Villa Park,Robert Madley,DRAW
3754071,2016-01-13,20:45:00.000,27,2015/2016,26,41,2,4,21,Regular Season,Swansea.com Stadium,Graham Scott,AWAY_WIN
3754075,2016-04-02,13:45:00.000,27,2015/2016,59,33,0,4,32,Regular Season,Villa Park,Neil Swarbrick,AWAY_WIN
3754080,2016-02-06,16:00:00.000,27,2015/2016,38,23,1,0,25,Regular Season,White Hart Lane,Roger East,HOME_WIN
3754081,2016-03-06,17:00:00.000,27,2015/2016,27,39,1,0,29,Regular Season,The Hawthorns,Mike Dean,HOME_WIN
3754084,2016-01-23,16:00:00.000,27,2015/2016,27,59,0,0,23,Regular Season,The Hawthorns,Robert Madley,DRAW
3754086,2016-04-20,20:45:00.000,27,2015/2016,40,23,3,1,30,Regular Season,Boleyn Ground,Mike Dean,HOME_WIN
3754087,2016-04-02,18:30:00.000,27,2015/2016,24,38,1,1,32,Regular Season,Anfield ,Jonathan Moss,DRAW
3754088,2016-01-12,20:45:00.000,27,2015/2016,37,39,3,3,21,Regular Season,St. James' Park,Mike Dean,DRAW
3754089,2016-02-02,21:00:00.000,27,2015/2016,31,28,1,2,24,Regular Season,Selhurst Park,Mike Jones,AWAY_WIN
3754092,2016-05-02,21:00:00.000,27,2015/2016,33,38,2,2,36,Regular Season,Stamford Bridge,Mark Clattenburg,DRAW
3754094,2016-02-02,21:00:00.000,27,2015/2016,39,30,3,0,24,Regular Season,Old Trafford,Roger East,HOME_WIN
3754095,2016-02-02,20:45:00.000,27,2015/2016,41,36,0,1,24,Regular Season,Stadium of Light,Stuart Attwell,AWAY_WIN
3754100,2016-03-20,14:30:00.000,27,2015/2016,37,41,1,1,31,Regular Season,St. James' Park,Martin Atkinson,DRAW
3754101,2016-01-02,16:00:00.000,27,2015/2016,56,25,1,0,20,Regular Season,Carrow Road,Mark Clattenburg,HOME_WIN
3754103,2016-02-03,20:45:00.000,27,2015/2016,23,33,0,0,24,Regular Season,Vicarage Road,Mike Dean,DRAW
3754108,2016-05-07,16:00:00.000,27,2015/2016,41,33,3,2,37,Regular Season,Stadium of Light,Mike Jones,HOME_WIN
3754110,2016-01-23,18:30:00.000,27,2015/2016,40,36,2,2,23,Regular Season,Boleyn Ground,Craig Pawson,DRAW
3754111,2016-01-24,17:00:00.000,27,2015/2016,1,33,0,1,23,Regular Season,Emirates Stadium,Mark Clattenburg,AWAY_WIN
3754114,2016-01-03,14:30:00.000,27,2015/2016,31,33,0,3,20,Regular Season,Selhurst Park,Kevin Friend,AWAY_WIN
3754116,2016-04-09,16:00:00.000,27,2015/2016,26,33,1,0,33,Regular Season,Swansea.com Stadium,Andre Marriner,HOME_WIN
3754118,2016-04-02,16:00:00.000,27,2015/2016,1,23,4,0,32,Regular Season,Emirates Stadium,Anthony Taylor,HOME_WIN
3754120,2016-02-06,18:30:00.000,27,2015/2016,25,40,1,0,25,Regular Season,St. Mary's Stadium,Mark Clattenburg,HOME_WIN
3754121,2016-02-27,16:00:00.000,27,2015/2016,23,28,0,0,27,Regular Season,Vicarage Road,Anthony Taylor,DRAW
3754122,2016-01-02,16:00:00.000,27,2015/2016,27,30,2,1,20,Regular Season,The Hawthorns,Lee Mason,HOME_WIN
3754123,2016-05-15,16:00:00.000,27,2015/2016,29,56,3,0,38,Regular Season,Goodison Park,Lee Mason,HOME_WIN
3754124,2016-03-20,17:00:00.000,27,2015/2016,36,39,0,1,31,Regular Season,Etihad Stadium,Michael Oliver,AWAY_WIN
3754125,2016-01-16,16:00:00.000,27,2015/2016,33,29,3,3,22,Regular Season,Stamford Bridge,Mike Jones,DRAW
3754127,2016-02-06,16:00:00.000,27,2015/2016,30,29,0,3,25,Regular Season,bet365 Stadium,Andre Marriner,AWAY_WIN
3754132,2016-04-30,16:00:00.000,27,2015/2016,30,41,1,1,36,Regular Season,bet365 Stadium,Craig Pawson,DRAW
3754134,2016-05-10,21:30:00.000,27,2015/2016,40,39,3,2,35,Regular Season,Boleyn Ground,Mike Dean,HOME_WIN
3754137,2016-04-16,16:00:00.000,27,2015/2016,29,25,1,1,34,Regular Season,Goodison Park,Craig Pawson,DRAW
3754139,2016-02-13,16:00:00.000,27,2015/2016,26,25,0,1,26,Regular Season,Swansea.com Stadium,Jonathan Moss,AWAY_WIN
3754140,2016-01-03,17:00:00.000,27,2015/2016,29,38,1,1,20,Regular Season,Goodison Park,Michael Oliver,DRAW
3754142,2016-01-13,20:45:00.000,27,2015/2016,36,29,0,0,21,Regular Season,Etihad Stadium,Roger East,DRAW
3754144,2016-04-02,16:00:00.000,27,2015/2016,28,36,0,4,32,Regular Season,Vitality Stadium,Robert Madley,AWAY_WIN
3754147,2016-02-14,17:15:00.000,27,2015/2016,36,38,1,2,26,Regular Season,Etihad Stadium,Mark Clattenburg,AWAY_WIN
3754149,2016-05-15,16:00:00.000,27,2015/2016,26,36,1,1,38,Regular Season,Swansea.com Stadium,Mike Dean,DRAW
3754151,2016-03-05,16:00:00.000,27,2015/2016,26,56,1,0,29,Regular Season,Swansea.com Stadium,Craig Pawson,HOME_WIN
3754152,2016-04-10,14:30:00.000,27,2015/2016,41,22,0,2,33,Regular Season,Stadium of Light,Anthony Taylor,AWAY_WIN
3754154,2016-04-23,16:00:00.000,27,2015/2016,24,37,2,2,35,Regular Season,Anfield ,Andre Marriner,DRAW
3754155,2016-04-16,16:00:00.000,27,2015/2016,27,23,0,1,34,Regular Season,The Hawthorns,Michael Oliver,AWAY_WIN
3754158,2016-05-07,16:00:00.000,27,2015/2016,40,26,1,4,37,Regular Season,Boleyn Ground,Michael Oliver,AWAY_WIN
3754159,2016-05-17,21:00:00.000,27,2015/2016,39,28,3,1,38,Regular Season,Old Trafford,Jonathan Moss,HOME_WIN
3754161,2016-01-18,21:00:00.000,27,2015/2016,26,23,1,0,22,Regular Season,Swansea.com Stadium,Michael Oliver,HOME_WIN
3754163,2016-01-24,14:30:00.000,27,2015/2016,29,26,1,2,23,Regular Season,Goodison Park,Anthony Taylor,AWAY_WIN
3754164,2016-03-05,16:00:00.000,27,2015/2016,25,41,1,1,29,Regular Season,St. Mary's Stadium,Neil Swarbrick,DRAW
3754165,2016-05-01,15:05:00.000,27,2015/2016,39,22,1,1,36,Regular Season,Old Trafford,Michael Oliver,DRAW
3754168,2016-01-16,16:00:00.000,27,2015/2016,25,27,3,0,22,Regular Season,St. Mary's Stadium,Martin Atkinson,HOME_WIN
3754170,2016-04-30,16:00:00.000,27,2015/2016,37,31,1,0,36,Regular Season,St. James' Park,Mike Dean,HOME_WIN
3754172,2016-04-16,13:45:00.000,27,2015/2016,56,41,0,3,34,Regular Season,Carrow Road,Andre Marriner,AWAY_WIN
3754176,2016-04-02,16:00:00.000,27,2015/2016,40,31,2,2,32,Regular Season,Boleyn Ground,Mark Clattenburg,DRAW
3754177,2016-03-05,16:00:00.000,27,2015/2016,37,28,1,3,29,Regular Season,St. James' Park,Paul Tierney,AWAY_WIN
3754179,2016-01-23,16:00:00.000,27,2015/2016,31,38,1,3,23,Regular Season,Selhurst Park,Martin Atkinson,AWAY_WIN
3754181,2016-03-19,16:00:00.000,27,2015/2016,31,22,0,1,31,Regular Season,Selhurst Park,Mike Jones,AWAY_WIN
3754183,2016-01-13,20:45:00.000,27,2015/2016,25,23,2,0,21,Regular Season,St. Mary's Stadium,Craig Pawson,HOME_WIN
3754184,2016-04-30,18:30:00.000,27,2015/2016,1,56,1,0,36,Regular Season,Emirates Stadium,Mike Jones,HOME_WIN
3754187,2016-04-18,21:00:00.000,27,2015/2016,30,38,0,4,34,Regular Season,bet365 Stadium,Neil Swarbrick,AWAY_WIN
3754191,2015-11-01,17:00:00.000,27,2015/2016,25,28,2,0,11,Regular Season,St. Mary's Stadium,Craig Pawson,HOME_WIN
3754192,2016-04-30,16:00:00.000,27,2015/2016,27,40,0,3,36,Regular Season,The Hawthorns,Lee Mason,AWAY_WIN
3754195,2015-12-28,16:00:00.000,27,2015/2016,27,37,1,0,19,Regular Season,The Hawthorns,Mike Jones,HOME_WIN
3754196,2016-03-12,16:00:00.000,27,2015/2016,30,25,1,2,30,Regular Season,bet365 Stadium,Lee Mason,AWAY_WIN
3754199,2016-05-15,16:00:00.000,27,2015/2016,30,40,2,1,38,Regular Season,bet365 Stadium,Mike Jones,HOME_WIN
3754200,2016-01-23,16:00:00.000,27,2015/2016,39,25,0,1,23,Regular Season,Old Trafford,Mike Jones,AWAY_WIN
3754201,2016-02-02,20:45:00.000,27,2015/2016,1,25,0,0,24,Regular Season,Emirates Stadium,Lee Mason,DRAW
3754202,2016-01-17,15:15:00.000,27,2015/2016,30,1,0,0,22,Regular Season,bet365 Stadium,Craig Pawson,DRAW
3754206,2016-04-19,20:45:00.000,27,2015/2016,37,36,1,1,27,Regular Season,St. James' Park,Kevin Friend,DRAW
3754207,2016-05-11,20:45:00.000,27,2015/2016,56,23,4,2,35,Regular Season,Carrow Road,Roger East,HOME_WIN
3754209,2016-04-10,17:30:00.000,27,2015/2016,38,39,3,0,33,Regular Season,White Hart Lane,Mike Dean,HOME_WIN
3754210,2016-05-07,13:45:00.000,27,2015/2016,56,39,0,1,37,Regular Season,Carrow Road,Craig Pawson,AWAY_WIN
3754214,2016-02-14,15:05:00.000,27,2015/2016,59,24,0,6,26,Regular Season,Villa Park,Neil Swarbrick,AWAY_WIN
3754215,2015-12-05,16:00:00.000,27,2015/2016,27,38,1,1,15,Regular Season,The Hawthorns,Jonathan Moss,DRAW
3754216,2016-04-17,14:30:00.000,27,2015/2016,28,24,1,2,34,Regular Season,Vitality Stadium,Mike Jones,AWAY_WIN
3754220,2016-03-06,14:30:00.000,27,2015/2016,31,24,1,2,29,Regular Season,Selhurst Park,Andre Marriner,AWAY_WIN
3754224,2016-03-19,18:30:00.000,27,2015/2016,26,59,1,0,31,Regular Season,Swansea.com Stadium,Mike Dean,HOME_WIN
3754225,2016-05-07,16:00:00.000,27,2015/2016,28,27,1,1,37,Regular Season,Vitality Stadium,Mark Clattenburg,DRAW
3754227,2016-04-17,14:30:00.000,27,2015/2016,22,40,2,2,34,Regular Season,King Power Stadium ,Jonathan Moss,DRAW
3754228,2016-04-24,17:15:00.000,27,2015/2016,22,26,4,0,35,Regular Season,King Power Stadium ,Mark Clattenburg,HOME_WIN
3754229,2016-05-15,16:00:00.000,27,2015/2016,33,22,1,1,38,Regular Season,Stamford Bridge,Craig Pawson,DRAW
3754231,2016-03-01,20:45:00.000,27,2015/2016,22,27,2,2,28,Regular Season,King Power Stadium ,Mark Clattenburg,DRAW
3754232,2016-03-02,21:00:00.000,27,2015/2016,39,23,1,0,28,Regular Season,Old Trafford,Mike Jones,HOME_WIN
3754236,2016-02-27,18:30:00.000,27,2015/2016,27,31,3,2,27,Regular Season,The Hawthorns,Jonathan Moss,HOME_WIN
3754239,2016-02-28,15:05:00.000,27,2015/2016,39,1,3,2,27,Regular Season,Old Trafford,Craig Pawson,HOME_WIN
3754241,2016-04-09,13:45:00.000,27,2015/2016,40,1,3,3,33,Regular Season,Boleyn Ground,Craig Pawson,DRAW
3754242,2016-04-23,16:00:00.000,27,2015/2016,28,33,1,4,35,Regular Season,Vitality Stadium,Roger East,AWAY_WIN
3754243,2016-04-02,16:00:00.000,27,2015/2016,56,37,3,2,32,Regular Season,Carrow Road,Mike Dean,HOME_WIN
3754244,2016-02-13,16:00:00.000,27,2015/2016,56,40,2,2,26,Regular Season,Carrow Road,Mike Jones,DRAW
3754249,2016-03-05,16:00:00.000,27,2015/2016,36,59,4,0,29,Regular Season,Etihad Stadium,Lee Mason,HOME_WIN
3754250,2016-01-16,18:30:00.000,27,2015/2016,59,22,1,1,22,Regular Season,Villa Park,Roger East,DRAW
3754251,2016-01-02,13:45:00.000,27,2015/2016,40,24,2,0,20,Regular Season,Boleyn Ground,Robert Madley,HOME_WIN
3754252,2016-02-03,20:45:00.000,27,2015/2016,29,37,3,0,24,Regular Season,Goodison Park,Craig Pawson,HOME_WIN
3754253,2016-02-07,14:30:00.000,27,2015/2016,28,1,0,2,25,Regular Season,Vitality Stadium,Kevin Friend,AWAY_WIN
3754260,2016-01-16,16:00:00.000,27,2015/2016,36,31,4,0,22,Regular Season,Etihad Stadium,Jonathan Moss,HOME_WIN
3754261,2016-02-14,11:00:00.000,27,2015/2016,1,22,2,1,26,Regular Season,Emirates Stadium,Martin Atkinson,HOME_WIN
3754262,2016-04-09,16:00:00.000,27,2015/2016,59,28,1,2,33,Regular Season,Villa Park,Martin Atkinson,AWAY_WIN
3754264,2016-02-13,18:30:00.000,27,2015/2016,33,37,5,1,26,Regular Season,Stamford Bridge,Roger East,HOME_WIN
3754295,2016-04-16,16:00:00.000,27,2015/2016,39,59,1,0,34,Regular Season,Old Trafford,Kevin Friend,HOME_WIN
3754271,2016-01-23,16:00:00.000,27,2015/2016,23,37,2,1,23,Regular Season,Vicarage Road,Andre Marriner,HOME_WIN
3754272,2016-04-02,16:00:00.000,27,2015/2016,30,26,2,2,32,Regular Season,bet365 Stadium,Martin Atkinson,DRAW
3754274,2016-02-13,16:00:00.000,27,2015/2016,28,30,1,3,26,Regular Season,Vitality Stadium,Graham Scott,AWAY_WIN
3754275,2016-02-02,20:45:00.000,27,2015/2016,22,24,2,0,24,Regular Season,King Power Stadium ,Andre Marriner,HOME_WIN
3754277,2016-03-05,16:00:00.000,27,2015/2016,29,40,2,3,29,Regular Season,Goodison Park,Anthony Taylor,AWAY_WIN
3754280,2016-03-01,20:45:00.000,27,2015/2016,56,33,1,2,28,Regular Season,Carrow Road,Lee Mason,AWAY_WIN
3754281,2016-02-07,17:00:00.000,27,2015/2016,33,39,1,1,25,Regular Season,Stamford Bridge,Michael Oliver,DRAW
3754282,2016-04-23,16:00:00.000,27,2015/2016,59,25,2,4,35,Regular Season,Villa Park,Neil Swarbrick,AWAY_WIN
3754284,2016-04-21,20:45:00.000,27,2015/2016,1,27,2,0,30,Regular Season,Emirates Stadium,Jonathan Moss,HOME_WIN
3754289,2016-03-05,18:30:00.000,27,2015/2016,23,22,0,1,29,Regular Season,Vicarage Road,Jonathan Moss,AWAY_WIN
3754290,2016-02-06,13:45:00.000,27,2015/2016,36,22,1,3,25,Regular Season,Etihad Stadium,Anthony Taylor,AWAY_WIN
3754292,2016-02-06,16:00:00.000,27,2015/2016,37,27,1,0,25,Regular Season,St. James' Park,Lee Mason,HOME_WIN
3754294,2016-04-20,21:00:00.000,27,2015/2016,24,29,4,0,27,Regular Season,Anfield ,Robert Madley,HOME_WIN
3754248,2015-12-26,16:00:00.000,27,2015/2016,28,31,0,0,18,Regular Season,Vitality Stadium,Michael Oliver,DRAW
3754299,2016-04-03,17:00:00.000,27,2015/2016,39,29,1,0,32,Regular Season,Old Trafford,Andre Marriner,HOME_WIN
3754303,2016-02-06,16:00:00.000,27,2015/2016,26,31,1,1,25,Regular Season,Swansea.com Stadium,Mike Dean,DRAW
3754305,2016-01-13,21:00:00.000,27,2015/2016,24,1,3,3,21,Regular Season,Anfield ,Mike Jones,DRAW
3754306,2016-02-06,16:00:00.000,27,2015/2016,59,56,2,0,25,Regular Season,Villa Park,Martin Atkinson,HOME_WIN
3754307,2016-04-23,13:45:00.000,27,2015/2016,36,30,4,0,35,Regular Season,Etihad Stadium,Robert Madley,HOME_WIN
3754308,2016-05-15,16:00:00.000,27,2015/2016,23,41,2,2,38,Regular Season,Vicarage Road,Kevin Friend,DRAW
3754310,2016-04-20,21:00:00.000,27,2015/2016,39,31,2,0,30,Regular Season,Old Trafford,Lee Mason,HOME_WIN
3754313,2016-03-12,13:45:00.000,27,2015/2016,56,36,0,0,30,Regular Season,Carrow Road,Jonathan Moss,DRAW
3754314,2016-05-08,17:00:00.000,27,2015/2016,36,1,2,2,37,Regular Season,Etihad Stadium,Anthony Taylor,DRAW
3754316,2016-02-06,16:00:00.000,27,2015/2016,24,41,2,2,25,Regular Season,Anfield ,Robert Madley,DRAW
3754317,2016-02-02,20:45:00.000,27,2015/2016,56,38,0,3,24,Regular Season,Carrow Road,Kevin Friend,AWAY_WIN
3754318,2016-03-05,13:45:00.000,27,2015/2016,38,1,2,2,29,Regular Season,White Hart Lane,Michael Oliver,DRAW
3754319,2016-01-02,16:00:00.000,27,2015/2016,39,26,2,1,20,Regular Season,Old Trafford,Jonathan Moss,HOME_WIN
3754320,2016-05-01,17:30:00.000,27,2015/2016,25,36,4,2,36,Regular Season,St. Mary's Stadium,Andre Marriner,HOME_WIN
3754321,2016-02-27,16:00:00.000,27,2015/2016,30,59,2,1,27,Regular Season,bet365 Stadium,Kevin Friend,HOME_WIN
3754322,2016-04-16,18:30:00.000,27,2015/2016,33,36,0,3,34,Regular Season,Stamford Bridge,Mike Dean,AWAY_WIN
3754324,2016-02-28,15:05:00.000,27,2015/2016,38,26,2,1,27,Regular Season,White Hart Lane,Mike Jones,HOME_WIN
3754326,2015-12-28,16:00:00.000,27,2015/2016,31,26,0,0,19,Regular Season,Selhurst Park,Neil Swarbrick,DRAW
3754327,2016-03-01,20:45:00.000,27,2015/2016,59,29,1,3,28,Regular Season,Villa Park,Roger East,AWAY_WIN
3754331,2016-02-27,13:45:00.000,27,2015/2016,40,41,1,0,27,Regular Season,Boleyn Ground,Mike Dean,HOME_WIN
3754332,2016-04-25,21:00:00.000,27,2015/2016,38,27,1,1,35,Regular Season,White Hart Lane,Mike Jones,DRAW
3754333,2016-05-15,16:00:00.000,27,2015/2016,37,38,5,1,38,Regular Season,St. James' Park,Anthony Taylor,HOME_WIN
3754334,2016-03-01,20:45:00.000,27,2015/2016,28,25,2,0,28,Regular Season,Vitality Stadium,Mike Dean,HOME_WIN
3754338,2016-01-16,16:00:00.000,27,2015/2016,37,40,2,1,22,Regular Season,St. James' Park,Neil Swarbrick,HOME_WIN
3754340,2016-02-02,21:00:00.000,27,2015/2016,27,26,1,1,24,Regular Season,The Hawthorns,Neil Swarbrick,DRAW
3754341,2016-01-23,16:00:00.000,27,2015/2016,22,30,3,0,23,Regular Season,King Power Stadium ,Mike Dean,HOME_WIN
3754342,2016-05-08,17:00:00.000,27,2015/2016,24,23,2,0,37,Regular Season,Anfield ,Lee Mason,HOME_WIN
3754345,2016-01-17,15:05:00.000,27,2015/2016,24,39,0,1,22,Regular Season,Anfield ,Mark Clattenburg,AWAY_WIN
3754346,2016-01-02,18:30:00.000,27,2015/2016,23,36,1,2,20,Regular Season,Vicarage Road,Martin Atkinson,AWAY_WIN
3754348,2016-01-23,13:45:00.000,27,2015/2016,56,24,4,5,23,Regular Season,Carrow Road,Lee Mason,AWAY_WIN
3754349,2016-03-02,20:45:00.000,27,2015/2016,40,38,1,0,28,Regular Season,Boleyn Ground,Andre Marriner,HOME_WIN
3754350,2016-02-13,16:00:00.000,27,2015/2016,29,27,0,1,26,Regular Season,Goodison Park,Michael Oliver,AWAY_WIN
3754258,2015-11-08,14:30:00.000,27,2015/2016,59,36,0,0,12,Regular Season,Villa Park,Craig Pawson,DRAW
3754020,2015-08-17,21:00:00.000,27,2015/2016,24,28,1,0,2,Regular Season,Anfield ,Craig Pawson,HOME_WIN
3754267,2015-08-15,16:00:00.000,27,2015/2016,23,27,0,0,2,Regular Season,Vicarage Road,Paul Tierney,DRAW
3754141,2015-08-09,14:30:00.000,27,2015/2016,1,40,0,2,1,Regular Season,Emirates Stadium,Martin Atkinson,AWAY_WIN
3754128,2015-08-08,16:00:00.000,27,2015/2016,28,59,0,1,1,Regular Season,Vitality Stadium,Mark Clattenburg,AWAY_WIN
3754078,2015-08-08,18:30:00.000,27,2015/2016,33,26,2,2,1,Regular Season,Stamford Bridge,Michael Oliver,DRAW
