player_id,player_name,player_nickname,country
2956,Bertrand Isidore Traoré,Bertrand Traoré,Burkina Faso
2966,Stéphane Sessègnon,,Benin
2988,Memphis Depay,,Netherlands
3037,Mousa Sidi Yaya Dembélé,Mousa Dembélé,Belgium
3041,Ciaran Clark,,Ireland
3043,Christian Dannemann Eriksen,Christian Eriksen,Denmark
3044,Chancel Mbemba Mangulu,Chancel Mbemba,"Congo, (Kinshasa)"
3049,Matt Ritchie,,Scotland
3052,Pablo Javier Zabaleta Girod,Pablo Zabaleta,Argentina
3054,Fernando Luiz Rosa,Fernandinho,Brazil
3057,Jonjo Shelvey,,England
3058,Javier Hernández Balcázar,,Mexico
3062,Aaron Cresswell,,England
3064,David Josué Jiménez Silva,David Silva,Spain
3065,Paul Dummett,,Wales
3066,Kyle Walker-Peters,,England
3076,Ayoze Pérez Gutiérrez,Ayoze Pérez,Spain
3077,Jan Vertonghen,,Belgium
3081,Jamaal Lascelles,,England
3082,Harry Winks,,England
3083,Heung-Min Son,Son Heung-Min,Korea (South)
3085,Glenn Murray,,England
3086,Ben Davies,,Wales
3087,Gnégnéri Yaya Touré,Yaya Touré,Côte d'Ivoire
3089,Kevin De Bruyne,,Belgium
3090,Nicolás Hernán Otamendi,Nicolás Otamendi,Argentina
3091,Moussa Sissoko,,France
3092,Dwight Gayle,,England
3094,Bamidele Alli,Dele Alli,England
3096,Rob Elliot,,Ireland
3098,Victor Wanyama,,Kenya
3099,Hugo Lloris,,France
3101,Vincent Kompany,,Belgium
3165,Emmanuel Rivière,,Martinique
3196,Wahbi Khazri,,Tunisia
3205,Kyle Walker,,England
3220,Franck Tabanou,,France
3233,Raheem Sterling,Raheem Sterling,England
3237,Sergio Leonel Agüero del Castillo,Sergio Agüero,Argentina
3244,John Stones,,England
3254,Florian Thauvin,,France
3262,Łukasz Fabiański,,Poland
3263,Craig Cathcart,,Northern Ireland
3265,José Luis Sanmartín Mato,Joselu,Spain
3267,Luis Antonio Valencia Mosquera,Antonio Valencia,Ecuador
3270,Danny Simpson,,England
3272,Oriol Romeu Vidal,Oriol Romeu,Spain
3277,Yohan Cabaye,,France
3278,Benik Afobe,,"Congo, (Kinshasa)"
3286,Nathan Redmond,,England
3288,Miguel Ángel Britos Cabrera,Miguel Britos,Uruguay
3289,Romelu Lukaku Menama,Romelu Lukaku,Belgium
3290,Federico Fernández,,Argentina
3291,Joe Hart,,England
3293,Jesse Lingard,,England
3294,Juan Manuel Mata García,Juan Mata,Spain
3296,Marouane Fellaini-Bakkioui,Marouane Fellaini,Belgium
3297,Andros Townsend,,England
3300,Maya Yoshida,,Japan
3302,Nordin Amrabat,,Morocco
3304,Harry Arter,,Ireland
3306,Nathan Aké,,Netherlands
3307,Marc Albrighton,,England
3308,Kieran Trippier,,England
3309,Sebastian Prödl,,Austria
3310,Tom Carroll,,England
3311,Daley Blind,,Netherlands
3312,Demarai Gray,,England
3314,Phil Jones,,England
3316,James Tomkins,,England
3317,Kasey Palmer,,Jamaica
3318,Marcus Rashford,,England
3321,Patrick van Aanholt,,Netherlands
3323,Tyrone Mings,,England
3325,Marko Arnautović,,Austria
3326,Chung-Yong Lee,Lee Chung-Yong,Korea (South)
3328,James Ward-Prowse,,England
3329,Cédric Ricardo Alves Soares,Cédric Soares,Portugal
3333,David de Gea Quintana,David de Gea,Spain
3337,Jermain Defoe,,England
3339,Asmir Begović,,Bosnia and Herzegovina
3340,Kyle Naughton,,England
3341,Steve Cook,,England
3343,Dan Gosling,,England
3344,Andrew Surman,,England
3345,Charlie Daniels,,England
3346,Joshua King,,Norway
3347,André Ayew Pelé,André Ayew,Ghana
3349,Michail Antonio,,Jamaica
3380,Christian Benteke Liolo,Christian Benteke,Belgium
3381,Nemanja Matić,,Serbia
3382,Luke Shaw,,England
3385,Alexis Alejandro Sánchez Sánchez,Alexis Sánchez,Chile
3388,Jack Wilshere,,England
3389,Eliaquim Mangala,,France
3391,Rolando Aarons,,England
3394,Laurent Koscielny,,France
3407,Scott Dann,,England
3436,Idrissa Gana Gueye,Idrissa Gueye,Senegal
3437,Francis Joseph Coquelin,,France
3440,Tammy Bakumo-Abraham,Tammy Abraham,England
3442,El-Hadji Baye Oumar Niasse,Oumar Niasse,Senegal
3443,Joel Ward,,England
3445,Radamel Falcao García Zárate,Falcao,Colombia
3448,Martin Kelly,,England
3449,Wayne Routledge,,England
3450,Jordan Ayew,,Ghana
3454,Troy Deeney,,England
3456,Kurt Happy Zouma,Kurt Zouma,France
3458,Ben Chilwell,,England
3461,Petr Čech,,Czech Republic
3462,Jack Frank Porteous Cork,Jack Cork,England
3463,Junior Stanislas,,England
3464,James McArthur,,Scotland
3465,Timothy Evans Fosu-Mensah,Timothy Fosu-Mensah,Netherlands
3467,Erik Pieters,,Netherlands
3468,Jordan Pickford,,England
3469,Bakary Sako,,Mali
3471,Dejan Lovren,,Croatia
3472,Willian Borges da Silva,Willian,Brazil
3473,James Philip Milner,James Milner,England
3475,Per Mertesacker,,Germany
3476,Muhamed Bešić,,Bosnia and Herzegovina
3478,Francesc Fàbregas i Soler,Cesc Fàbregas,Spain
3479,Sam Field,,England
3480,Geoff Cameron,,United States of America
3482,James Collins,,Wales
3483,Mamadou Sakho,,France
3487,Julián Speroni,,Argentina
3488,Wayne Hennessey,,Wales
3490,James Morrison,,Scotland
3491,Dimitri Payet,,France
3493,Emre Can,,Germany
3495,Joe Gomez,,England
3496,Mesut Özil,,Germany
3498,Ignacio Monreal Eraso,Nacho Monreal,Spain
3501,Philippe Coutinho Correia,Philippe Coutinho,Brazil
3504,Ruben Loftus-Cheek,,England
3507,Wilfried Zaha,,Côte d'Ivoire
3509,Thibaut Courtois,,Belgium
3511,Héctor Bellerín Moruno,Héctor Bellerín,Spain
3514,James McClean,,Ireland
3515,Alberto Moreno Pérez,Alberto Moreno,Spain
3517,Aaron Ramsey,,Wales
3518,Leighton Baines,,England
3520,Jeffrey Schlupp,,Ghana
3522,Heurelho da Silva Gomes,Heurelho Gomes,Brazil
3523,Craig Dawson,,England
3525,Alex Oxlade-Chamberlain,,England
3528,Kieran Gibbs,,England
3529,Daniel Andre Sturridge,Daniel Sturridge,England
3532,Jordan Brian Henderson,Jordan Henderson,England
3533,Xherdan Shaqiri,,Switzerland
3534,Clinton Mua N''Jie,Clinton N'Jie,Cameroon
3535,Roberto Firmino Barbosa de Oliveira,Roberto Firmino,Brazil
3537,Jack Butland,,England
3538,Wayne Mark Rooney,Wayne Rooney,England
3539,Simon Mignolet,,Belgium
3541,Chris Brunt,,Northern Ireland
3542,Jonjoe Kenny,,England
3567,Georginio Wijnaldum,,Netherlands
3568,Mohamed Naser Elsayed Elneny,Mohamed Elneny,Egypt
3569,Daniel Nii Tackie Mensah Welbeck,Danny Welbeck,England
3576,Martin Olsson,,Sweden
3583,Ashley Westwood,,England
3585,Erik Lamela,,Argentina
3586,Samuel Mark Byram,,England
3589,Yannick Bolasie Yala,Yannick Bolasie,"Congo, (Kinshasa)"
3590,Rhu-endly Martina,Cuco Martina,Curaçao
3594,Danny Rose,,England
3595,Manuel Lanzini,,Argentina
3596,Gareth McAuley,,Northern Ireland
3598,Wilfried Guemiand Bony,Wilfried Bony,Côte d'Ivoire
3600,Morgan Schneiderlin,,France
3602,Faustino Marcos Alberto Rojo,Marcos Rojo,Argentina
3603,Mame Biram Diouf,Mame Diouf,Senegal
3604,Olivier Giroud,,France
3605,Sung-Yeung Ki,Ki Sung-Yeung,Korea (South)
3606,Ander Herrera Agüera,Ander Herrera,Spain
3607,James McCarthy,,Ireland
3608,Simon Francis,,England
3609,Michel Vorm,,Netherlands
3611,Kevin Wimmer,,Austria
3612,Ashley Young,,England
3616,Callum Wilson,,England
3619,Alex McCarthy,,England
3621,Eden Hazard,,Belgium
3623,Adrián San Miguel del Castillo,Adrián,Spain
3626,Ben Watson,,England
3629,Sadio Mané,,Senegal
3631,Nathan Dyer,,England
3633,Gareth Barry,,England
3635,Jordon Ibe,,England
3636,Charlie Adam,,Scotland
3640,Mason Holgate,,England
3643,Phil Bardsley,,Scotland
3644,Ashley Williams,,Wales
3645,Gary Cahill,,England
3646,Marc Pugh,,England
3647,Alex Iwobi,,Nigeria
3649,Karl Darlow,,England
3650,Daryl Janmaat,,Netherlands
3651,Matt Targett,,England
3652,Tom Davies,,England
3654,Daniel William John Ings,Danny Ings,England
3656,Alex Pritchard,,England
3658,DeAndre Yedlin,,United States of America
3659,Wilfredo Daniel Caballero,Willy Caballero,Argentina
3662,Danny Drinkwater,,England
3665,Andrew Philip King,Andy King,Wales
3666,Robert Kenedy Nunes do Nascimento,Kenedy,Brazil
3668,Theo Walcott,,England
3669,Virgil van Dijk,,Netherlands
3670,Jonathan Walters,,Ireland
3671,José Leonardo Ulloa,Leonardo Ulloa,Argentina
3683,Tom Cleverley,,England
3684,Cheikhou Kouyaté,,Senegal
3685,Jay Rodriguez,Jay Rodríguez,England
3693,Damien Delaney,,Ireland
3708,Kelechi Promise Iheanacho,Kelechi Iheanacho,Nigeria
3709,Daniel Amartey,,Ghana
3713,Calum Chambers,,England
3721,Etienne Capoue,Étienne Capoue,France
3722,Steven Taylor,,England
3725,José Holebas,Jose Cholevas,Greece
3726,Gerard Deulofeu Lázaro,Gerard Deulofeu,Spain
3731,Adrian Mariappa,,Jamaica
3746,Niall Mason,,England
3774,Papiss Mison Djilobodji,Papy Djilobodji,Senegal
3807,Ryan Allsop,,England
3810,Shinji Okazaki,,Japan
3812,Christian Fuchs,,Austria
3813,Wes Morgan,,Jamaica
3814,Riyad Mahrez,,Algeria
3815,Kasper Schmeichel,,Denmark
3828,Steven Davis,,Northern Ireland
3831,Dušan Tadić,,Serbia
3834,Ivan Toney,,England
3842,Shane Long,,Ireland
3843,Angelo Obinze Ogbonna,Angelo Ogbonna,Italy
3862,Conor McAleny,,England
3874,Mark Noble,,England
3897,Pedro Mba Obiang Avomo,Pedro Obiang,Equatorial Guinea
3908,Nick Powell,,England
3944,Gylfi Þór Sigurðsson,Gylfi Sigurðsson,Iceland
3953,Aaron Lennon,,England
3957,César Azpilicueta Tanco,César Azpilicueta,Spain
3958,Pedro Eliezer Rodríguez Ledesma,Pedro,Spain
3960,José Miguel da Rocha Fonte,José Fonte,Portugal
3961,N''Golo Kanté,N'Golo Kanté,France
3962,Diafra Sakho,,Senegal
3963,Victor Moses,,Nigeria
3966,Charlie Austin,,England
3967,Claudio Ariel Yacob,Claudio Yacob,Argentina
3968,Jerome Sinclair,,England
3970,Fraser Forster,,England
3973,Àngel Rangel Zaragoza,Àngel Rangel,Spain
3991,Allan Romeo Nyom,Allan Nyom,Cameroon
4022,Darren Fletcher,,Scotland
4035,Ryan Shawcross,,England
4040,Peter Crouch,,England
4041,José Salomón Rondón Giménez,Salomón Rondón,Venezuela (Bolivarian Republic)
4045,Leroy Fer,,Netherlands
4050,Mike Williamson,,England
4053,Ben Foster,,England
4090,Adam David Lallana,Adam Lallana,England
4093,Jay Fulton,,Scotland
4097,Matt Grimes,,England
4116,Sullay Kaikai,,Sierra Leone
4129,Tyler Roberts,,Wales
4134,Steven Hendrie,,Scotland
4143,Joe Rothwell,,England
4154,George Dobson,,England
4217,Danny Graham,,England
4243,Cameron Brannagan,,England
4269,Aleksandar Mitrović,,Serbia
4271,Andy Carroll,,England
4273,Reece Oxford,,England
4275,Ross Barkley,,England
4276,David Ospina Ramírez,David Ospina,Colombia
4280,Winston Reid,,New Zealand
4317,Kevin Mirallas,,Belgium
4346,Gilbert Gianelli Imbula Wanga,Giannelli Imbula,"Congo, (Kinshasa)"
4347,Jordan Amavi,,France
4416,Max-Alain Gradel,Max Gradel,Côte d'Ivoire
4417,Ola Toivonen,,Sweden
4428,Mathieu Debuchy,,France
4429,Yann Gérard M''Vila,Yann M'Vila,France
4544,Jeff Reine-Adélaïde,,France
4587,Matteo Darmian,,Italy
4589,Séamus Coleman,,Ireland
4590,Nathaniel Edwin Clyne,Nathaniel Clyne,England
4597,Fabian Delph,,England
4629,José Ramiro Funes Mori,Ramiro Funes Mori,Argentina
4630,Saido Berahino,,Burundi
4631,Leon Britton,,England
4632,Stephen Ireland,,Ireland
4700,Matthew Pennington,,England
4724,Glen Johnson,,England
4726,Kyle Bartley,,England
4733,Liam Bridcutt,,Scotland
4738,Lee Tomlin,,England
4746,Younes Kaboul,Younès Kaboul,France
4747,Divock Okoth Origi,Divock Origi,Belgium
4751,Michael Carrick,,England
4752,Ryan Seager,,England
4762,Sergi Canós Tenes,Sergi Canós,Spain
4804,Bradley Johnson,,England
4807,Cameron Jerome,,England
4808,Andre Wisdom,,England
4809,Matěj Vydra,,Czech Republic
4817,Joe Ledley,,Wales
4822,Baily Cargill,,England
4826,Yohan Benalouane,,Tunisia
4828,Adlène Guédioura,,Algeria
4831,Nacer Chadli,,Belgium
4837,Josh Cullen,,Ireland
4840,Massadio Haïdara,,Mali
4884,Pape N''Diaye Souaré,Pape Souaré,Senegal
4891,Ibrahim Afellay,,Netherlands
4892,Sergio Germán Romero,Sergio Romero,Argentina
4910,Axel Tuanzebe,,England
4913,Bojan Krkíc Pérez,Bojan,Spain
5108,Glyn Oliver Myhill,Boaz Myhill,Wales
5109,Paulo Dino Gazzaniga,Paulo Gazzaniga,Argentina
5110,Henri Saivet,,Senegal
5198,Diego da Silva Costa,Diego Costa,Spain
5264,Guillermo Varela Olivera,Guillermo Varela,Uruguay
5458,Odion Jude Ighalo,Odion Ighalo,Nigeria
5460,Andrej Kramarić,,Croatia
5475,John Michael Nchekwube Obinna,John Obi Mikel,Nigeria
5489,Mile Jedinak,,Australia
5540,Valon Behrami,,Switzerland
5556,Miguel Arturo Layún Prado,Miguel Layún,Mexico
5581,Joel Nathaniel Campbell Samuels,Joel Campbell,Costa Rica
5594,Branislav Ivanović,,Serbia
5596,Aleksandar Kolarov,,Serbia
5602,Cristian Gamboa Luna,Cristian Gamboa,Costa Rica
5617,Sebastian Larsson,,Sweden
5685,Carlos Alberto Sánchez Moreno,Carlos Sánchez,Colombia
5689,Juan Guillermo Cuadrado Bello,Juan Cuadrado,Colombia
5836,Bryan Oviedo,,Costa Rica
6296,Joe Dodoo,,England
6300,Sebastián Coates Nión,Sebastián Coates,Uruguay
6330,Adnan Januzaj,,Belgium
6349,Federico Julián Fazio,Federico Fazio,Argentina
6361,James Wilson,,England
6409,Adam Smith,,England
6560,Marc Muniesa Martínez,Marc Muniesa,Spain
6564,Pablo Maffeo Becerra,Pablo Maffeo,Spain
6623,Loïc Rémy,,France
6631,Mathieu Flamini,,France
6652,Jordi Amat Maas,Jordi Amat,Spain
6695,Juan Miguel Jiménez López,Juanmi,Spain
6746,Gabriel Armando de Abreu,Gabriel Paulista,Brazil
6750,Brown Ideye Aide,Brown Ideye,Nigeria
6800,Carles Gil de Pareja Vicent,Carles Gil,Spain
6821,Jesús Navas González,Jesús Navas,Spain
6846,Andreas Hoelgebaum Pereira,Andreas Pereira,Brazil
6870,José Manuel Jurado Marín,José Jurado,Spain
6871,Costel Fane Pantilimon,Costel Pantilimon,Romania
6888,Aleix García Serrano,Aleix García,Spain
6950,Alberto Paloschi,,Italy
7010,Gastón Exequiel Ramírez Pereyra,Gastón Ramírez,Uruguay
7063,Jefferson Antonio Montero Vite,Jefferson Montero,Ecuador
7110,Bacary Sagna,,France
7121,Sandro Ranieri Guimarães Cordeiro,Sandro,Brazil
7153,Jordan Veretout,,France
7171,Fabio Borini,,Italy
7195,Sylvain Marveaux,,France
7745,Steven Berghuis,,Netherlands
7775,Emanuele Giaccherini,,Italy
7780,Lucas Pezzini Leiva,Lucas Leiva,Brazil
7827,Charlie Colkett,,England
7848,Matt Miazga,,United States of America
7884,Marcin Ryszard Wasilewski,Marcin Wasilewski,Poland
8061,Siem Stefan de Jong,,Netherlands
8251,Marco van Ginkel,,Netherlands
8333,José Ángel Esmoris Tasende,Angeliño,Spain
8342,James Horsfield,,England
8344,Manuel García Alonso,Manu García,Spain
8400,Serge Gnabry,,Germany
8442,Gabriele Angella,,Italy
8485,Pedro Chirivella Burgos,Pedro Chirivella,Spain
8520,Nabil Bentaleb,,Algeria
9014,Declan Rudd,,England
9070,Hiram Boateng,,England
9415,Joe Riley,,England
9417,Matt Macey,,England
9452,Gary O''Neil,Gary O'Neil,England
9458,Sam Johnstone,,England
9461,Timm Klose,,Switzerland
9463,Alexander Banor Tettey,Alexander Tettey,Norway
9467,Timothy Michael Krul,,Netherlands
9485,Craig Gardner,,England
9519,Kyle Lafferty,,Northern Ireland
9528,Steven Naismith,,Scotland
9533,Leandro Bacuna,,Curaçao
9536,Modou Barrow,,Gambia
9539,Vito Mannone,,Italy
9542,Tiago Abiola Delfim Almeida Ilori,Tiago Ilori,Portugal
9547,Daniel Pudil,,Czech Republic
9551,Callum McManaman,,England
9554,Steven Fletcher,,Scotland
9558,Fernando Martín Forestieri,Fernando Forestieri,Italy
9563,Kristoffer Nordfeldt,,Sweden
9566,Bersant Celina,,Kosovo
9578,Jonathan Howson,,England
9593,Lewis Grabban,,England
9595,Nathan Baker,,England
9625,Glenn Whelan,,Ireland
9626,Tommy Elphick,,England
9627,Neil Taylor,,Wales
9628,James Grant Chester,,Wales
9629,Stephen Kingsley,,Scotland
9630,Andre Green,,England
9635,Will Keane,,Ireland
9636,Rushian Hepburn-Murphy,,England
9638,Jack Grealish,,England
9641,Fraizer Campbell,,England
9642,Alan Hutton,,Scotland
9648,Paddy McNair,,Northern Ireland
9649,Jack Colback,,England
9685,Elliott Lee,,England
9774,Josh Vickers,,England
9805,Mikael Mandron,,France
9818,Kyle Knoyle,,England
9911,Joe Bennett,,England
9914,Danny Ward,,Wales
9930,Ryan Bennett,,England
9958,Steven Caulker,,Sierra Leone
9985,Ádám Bogdán,,Hungary
10007,Jon Flanagan,,England
10024,Tony Andreu,,France
10326,João Carlos Vilaça Teixeira,João Carlos,Portugal
10457,Patrick Bamford,,England
10458,Fikayo Tomori,,England
10484,Callum Connolly,,England
10496,Brandon Barker,,England
10499,Ivo Daniel Ferreira Mendonca Pinto,Ivo Pinto,Portugal
10503,Billy Jones,,England
10546,Marcus Browne,,England
10769,Lynden Gooch,,United States of America
10770,Adam Matthews,,Wales
10771,George Honeyman,,England
10772,Donald Love,,Scotland
10779,Cameron Borthwick-Jackson,,England
10782,Olufela Olomola,,England
10783,Lee Cattermole,,England
10875,Kenji Gorré,,Curaçao
10931,Joe Allen,,Wales
10932,Jonathan Williams,,Wales
10955,Harry Kane,,England
10956,Eric Dier,,England
10958,Chris Smalling,,England
10960,Jamie Vardy,,England
10966,Wes Hoolahan,,Ireland
10967,Robert Brady,,Ireland
11012,Jonathan Grant Evans,Jonny Evans,Northern Ireland
11062,Graziano Pellè,,Italy
11117,Scott Sinclair,,England
11124,Steven Whittaker,,Scotland
11295,Patrick Roberts,,England
11333,Adama Traoré Diarra,Adama Traoré,Spain
11349,Aiden McGeady,,Ireland
11386,Santiago Cazorla González,Santi Cazorla,Spain
11492,Temitayo Olufisayo Olaoluwa Aina,Ola Aina,Nigeria
11936,Harrison Reed,,England
11938,Jake Gray,,England
11983,George Evans,,England
11992,Kevin Linford Stewart,Kevin Stewart,Jamaica
12325,Abdul Rahman Baba,Baba Rahman,Ghana
12608,Bradley Guzan,Brad Guzan,United States of America
12650,Luke Croll,,England
12732,Tommie Hoban,,Ireland
13042,Tim Howard,,United States of America
13116,Jason Denayer,,Belgium
13200,Oluwaseyi Babajide Ojo,Sheyi Ojo,England
13248,Eunan O''Kane,Eunan O'Kane,Ireland
13286,Lamine Koné,,Côte d'Ivoire
13448,Bradley Shaun Smith,,Australia
13573,Yann Kermorgant,,France
13846,Jan Kirchhoff,,Germany
13848,Marc Wilson,,Ireland
13875,Tom Beadling,,Australia
15149,Daniel Barlaser,Dan Barlaser,England
15365,Martin Samuelsen,,Norway
15542,Jake-Liam Clarke-Salter,,England
15892,Jordon Mutch,,England
15894,Doneil Henry,,Canada
15996,Éderzito António Macedo Lopes,Éder,Portugal
16003,Fernando Francisco Reges,Fernando Reges,Brazil
16027,Kevin Mbabu,,Switzerland
16067,Josh Onomah,,England
16072,Vurnon Anita,,Curaçao
16181,Jordy Clasie,,Netherlands
16295,Dame N''Doye,Dame N'Doye,Senegal
16309,Joel Robles Blázquez,Joel Robles,Spain
16334,Graham Dorrans,,Scotland
16457,Jeremain Lens,,Netherlands
16890,John O''Shea,John O'Shea,Ireland
16932,Youssouf Chafiq Mulumbu Ngangu,Youssouf Mulumbu,"Congo, (Kinshasa)"
17276,Seydou Doumbia,,Côte d'Ivoire
18404,José Ángel Crespo Rincón,José Crespo,Spain
18414,Bastian Schweinsteiger,,Germany
18672,Mark Bunn,,England
18751,Jack Rodwell,,England
18872,Martin Škrtel,,Slovakia
18947,Sébastien Pocognoli,,Belgium
19288,Martín Gastón Demichelis,Martín Demichelis,Argentina
19362,Rudy Gestede,,Benin
19424,Lloyd Dyer,,England
19688,Jason Puncheon,,England
19847,Alessandro Diamanti,,Italy
20005,Toby Alderweireld,,Belgium
20039,Anthony Martial,,France
20045,Ryan Bertrand,,England
20046,Phil Jagielka,,England
20066,Darren Randolph,,Ireland
20067,Darron Gibson,,Ireland
20074,Artur Boruc,,Poland
20201,Maarten Stekelenburg,,Netherlands
20230,Gökhan İnler,,Switzerland
20253,Samir Nasri,,France
20285,Joleon Lescott,,England
20287,John Terry,,England
20302,Gaël Clichy,,France
20446,Shay Given,,Ireland
20521,Bafétimbi Gomis,,France
20527,Jonas Olsson,,Sweden
20543,Nikica Jelavić,,Croatia
20641,Connor Wickham,,England
20781,Jordan Rossiter,,England
20900,Rene Gilmartin,,Ireland
20951,Jordan Lyden,,Australia
21212,Russell Martin,,Scotland
21254,Carl Jenkinson,,England
21532,Daniel Bachmann,,Austria
21540,Kevin Nolan,,England
21930,Alex Palmer,,England
22058,Connor Steven Randall,Connor Randall,England
22237,Mamadou Obbi Oularé,Obbi Oularé,Belgium
22281,Duncan Watmore,,England
22594,Matt Jarvis,,England
22598,Liam Gibson,,England
22622,Kieran O''Neill Dowell,,England
22702,Jonathan Leko,,England
23250,Ryan Fulton,,Scotland
23377,Sean Goss,,England
23488,Mario Suárez Mata,Mario Suárez,Spain
23635,John Ruddy,,England
23663,Dieumerci Mbokani Bezua,,"Congo, (Kinshasa)"
23742,Vadis Odjidja-Ofoe,,Belgium
24120,Jamie Sterry,,England
24380,Tetchi Jores Charlemagne Ulrich Okore,,Denmark
24494,Keinan Davis,,England
24743,Gary Hooper,,England
24888,Adam Federici,,Australia
24965,Luke Dreher,,England
25351,Alexandre Rodrigues da Silva,Alexandre Pato,Brazil
26207,Fabricio Coloccini,Fabricio Coloccini,Argentina
26696,Arouna Koné,,Côte d'Ivoire
26699,Emmanuel Adebayor,,Togo
27053,Alexandre Dimitri Song-Billong,,Cameroon
27146,Aly Cissokho,,France
27348,Ricky van Wolfswinkel,,Netherlands
27853,Mauro Matías Zárate,Mauro Zárate,Argentina
27949,Juan Manuel Iturbe Arévalo,Juan Iturbe,Paraguay
28040,Jindřich Staněk,,Czech Republic
28100,Ramires Santos do Nascimento,Ramires,Brazil
28247,Libor Kozák,,Czech Republic
28559,Enner Remberto Valencia Lastra,Enner Valencia,Ecuador
28782,Ritchie De Laet,,Belgium
29025,Cameron Humphreys,,England
29382,Shaun MacDonald,,Wales
29384,James Weir,,England
29430,Anders Rosenkrantz Lindegaard,,Denmark
29564,Freddie Woodman,,England
30289,Papiss Demba Cissé,,Senegal
30702,Brendan Joel Zibusiso Galloway,Brendan Galloway,Zimbabwe
31296,Sébastien Aymar Bassong Nguena,Sébastien Bassong,Cameroon
31904,Giedrius Arlauskis,,Lithuania
32720,Jack Rose,,England
34514,Jamal Blackman,,England
35227,Matt Butcher,,England
36265,Joey O''Brien,,Ireland
36983,Juan Carlos Paredes Reasco,Juan Carlos Paredes,Ecuador
36989,Jonny Maddison,,England
38412,Kolo Habib Touré,Kolo Touré,Côte d'Ivoire
40118,Ikechi Anya,,Scotland
40121,Philipp Wollscheid,,Germany
40122,Oscar dos Santos Emboaba Júnior,Oscar,Brazil
40123,Robert Huth,,Germany
40124,Rickie Lambert,,England
40125,Steven Pienaar,,South Africa
40127,Ryan Mason,,England
40130,Victor Chinedu Anichebe,Victor Anichebe,Nigeria
40218,Sylvain Distin,,France
40259,Joe Cole,,England
40280,Richard Wright,,England
40322,Mark Schwarzer,,Australia
40366,Wes Brown,,England
40453,Segundo Víctor Ibarbo Guerrero,Víctor Ibarbo,Colombia
41082,Steve Sidwell,,England
41185,Jakob Haugaard,,Denmark
42463,Raphael Spiegel,,Switzerland
42699,Gabriel Imuetinyan Agbonlahor,Gabriel Agbonlahor,England
42700,Micah Richards,,England
42701,Kieran Richardson,,England
42702,Modibo Maïga,,Mali
42703,Mikel Arteta Amatriain,Mikel Arteta,Spain
42704,Diego Poyet González,Diego Poyet,Uruguay
42899,Gabriel Antoine Obertan,Gabriel Obertan,France
42900,Cheik Ismaël Tioté,Cheik Tioté,Côte d'Ivoire
42901,Osazemwinde Peter Odemwingie,,Nigeria
42902,Adam Johnson,,England
42915,Dean Hammond,,England
42946,Guangtai Jiang,Jiang Guangtai,China
42947,Leon Osman,,England
43081,Almen Abdi,,Switzerland
43121,Kelvin Davis,,England
43591,Marvin Emnes,,Netherlands
43627,Jordi Gómez García-Penche,Jordi Gómez,Spain
43695,Brede Hangeland,,Norway
43757,Yoan Gouffran,,France
44981,Marco Amelia,,Italy
45014,Tokelo Anthony Rantie,Tokelo Rantie,South Africa
45389,Thomas Robson,,England
48634,"Charles N""Zogbia",,France
49142,Gerhard Tremmel,,Germany
50245,Marouane Chamakh,,Morocco
50414,Djair Parfitt-Williams,,Bermuda
50582,Corey Jordan,,England
75715,Oliver Shenton,,England
75899,Kevin Toner,,Ireland
128702,Callum Williams,,England
128703,Dionatan do Nascimento Teixeira,,Slovakia
128704,Emmanuel Emenike,,Nigeria
129556,Mohamed El Ouriachi,Moha El Ouriachi,Spain
129557,Rhoys Wiggins,,Wales
129558,Tony Hibbert,,England
129559,Rees Greenwood,,England
129767,Jordan Holmes,,Australia
131971,Connor Dymond,,England
