player_id,player_name,cluster,archetype
3623,Adrián San Miguel del Castillo,0,Goalkeeper
20074,Artur Boruc,0,Goalkeeper
3339,Asmir Begović,0,Goalkeeper
4053,Ben Foster,0,Goalkeeper
12608,Bradley Guzan,0,Goalkeeper
6871,Costel Fane Pantilimon,0,Goalkeeper
3333,David de Gea Quintana,0,Goalkeeper
9014,Declan Rudd,0,Goalkeeper
3970,Fraser Forster,0,Goalkeeper
5108,Glyn Oliver Myhill,0,Goalkeeper
3522,Heurelho da Silva Gomes,0,Goalkeeper
3099,Hugo Lloris,0,Goalkeeper
3537,Jack Butland,0,Goalkeeper
3291,Joe Hart,0,Goalkeeper
16309,Joel Robles Blázquez,0,Goalkeeper
23635,John Ruddy,0,Goalkeeper
3815,Kasper Schmeichel,0,Goalkeeper
20201,Maarten Stekelenburg,0,Goalkeeper
18672,Mark Bunn,0,Goalkeeper
3461,Petr Čech,0,Goalkeeper
3096,Rob Elliot,0,Goalkeeper
3539,Simon Mignolet,0,Goalkeeper
3509,Thibaut Courtois,0,Goalkeeper
13042,Tim Howard,0,Goalkeeper
9539,Vito Mannone,0,Goalkeeper
3488,Wayne Hennessey,0,Goalkeeper
3262,Łukasz Fabiański,0,Goalkeeper
3953,Aaron Lennon,1,Two-Way / High-Volume
12325,Abdul Rahman Baba,1,Two-Way / High-Volume
6409,Adam Smith,1,Two-Way / High-Volume
3515,Alberto Moreno Pérez,1,Two-Way / High-Volume
5596,Aleksandar Kolarov,1,Two-Way / High-Volume
9463,Alexander Banor Tettey,1,Two-Way / High-Volume
43081,Almen Abdi,1,Two-Way / High-Volume
3606,Ander Herrera Agüera,1,Two-Way / High-Volume
3344,Andrew Surman,1,Two-Way / High-Volume
3583,Ashley Westwood,1,Two-Way / High-Volume
3612,Ashley Young,1,Two-Way / High-Volume
7110,Bacary Sagna,1,Two-Way / High-Volume
18414,Bastian Schweinsteiger,1,Two-Way / High-Volume
3086,Ben Davies,1,Two-Way / High-Volume
3626,Ben Watson,1,Two-Way / High-Volume
10503,Billy Jones,1,Two-Way / High-Volume
30702,Brendan Joel Zibusiso Galloway,1,Two-Way / High-Volume
5836,Bryan Oviedo,1,Two-Way / High-Volume
21254,Carl Jenkinson,1,Two-Way / High-Volume
5685,Carlos Alberto Sánchez Moreno,1,Two-Way / High-Volume
3636,Charlie Adam,1,Two-Way / High-Volume
3345,Charlie Daniels,1,Two-Way / High-Volume
42900,Cheik Ismaël Tioté,1,Two-Way / High-Volume
3684,Cheikhou Kouyaté,1,Two-Way / High-Volume
3812,Christian Fuchs,1,Two-Way / High-Volume
3967,Claudio Ariel Yacob,1,Two-Way / High-Volume
9485,Craig Gardner,1,Two-Way / High-Volume
3329,Cédric Ricardo Alves Soares,1,Two-Way / High-Volume
3957,César Azpilicueta Tanco,1,Two-Way / High-Volume
3311,Daley Blind,1,Two-Way / High-Volume
3343,Dan Gosling,1,Two-Way / High-Volume
3662,Danny Drinkwater,1,Two-Way / High-Volume
3594,Danny Rose,1,Two-Way / High-Volume
4022,Darren Fletcher,1,Two-Way / High-Volume
3650,Daryl Janmaat,1,Two-Way / High-Volume
3493,Emre Can,1,Two-Way / High-Volume
10956,Eric Dier,1,Two-Way / High-Volume
3467,Erik Pieters,1,Two-Way / High-Volume
3721,Etienne Capoue,1,Two-Way / High-Volume
3602,Faustino Marcos Alberto Rojo,1,Two-Way / High-Volume
16003,Fernando Francisco Reges,1,Two-Way / High-Volume
3054,Fernando Luiz Rosa,1,Two-Way / High-Volume
3478,Francesc Fàbregas i Soler,1,Two-Way / High-Volume
3437,Francis Joseph Coquelin,1,Two-Way / High-Volume
3633,Gareth Barry,1,Two-Way / High-Volume
9452,Gary O''Neil,1,Two-Way / High-Volume
20302,Gaël Clichy,1,Two-Way / High-Volume
4724,Glen Johnson,1,Two-Way / High-Volume
9625,Glenn Whelan,1,Two-Way / High-Volume
16334,Graham Dorrans,1,Two-Way / High-Volume
3304,Harry Arter,1,Two-Way / High-Volume
3511,Héctor Bellerín Moruno,1,Two-Way / High-Volume
3436,Idrissa Gana Gueye,1,Two-Way / High-Volume
40118,Ikechi Anya,1,Two-Way / High-Volume
9649,Jack Colback,1,Two-Way / High-Volume
3462,Jack Frank Porteous Cork,1,Two-Way / High-Volume
18751,Jack Rodwell,1,Two-Way / High-Volume
3464,James McArthur,1,Two-Way / High-Volume
3607,James McCarthy,1,Two-Way / High-Volume
3514,James McClean,1,Two-Way / High-Volume
3328,James Ward-Prowse,1,Two-Way / High-Volume
13846,Jan Kirchhoff,1,Two-Way / High-Volume
3520,Jeffrey Schlupp,1,Two-Way / High-Volume
3293,Jesse Lingard,1,Two-Way / High-Volume
5475,John Michael Nchekwube Obinna,1,Two-Way / High-Volume
9578,Jonathan Howson,1,Two-Way / High-Volume
3057,Jonjo Shelvey,1,Two-Way / High-Volume
3532,Jordan Brian Henderson,1,Two-Way / High-Volume
7153,Jordan Veretout,1,Two-Way / High-Volume
16181,Jordy Clasie,1,Two-Way / High-Volume
3725,José Holebas,1,Two-Way / High-Volume
3340,Kyle Naughton,1,Two-Way / High-Volume
3205,Kyle Walker,1,Two-Way / High-Volume
9533,Leandro Bacuna,1,Two-Way / High-Volume
10783,Lee Cattermole,1,Two-Way / High-Volume
3518,Leighton Baines,1,Two-Way / High-Volume
4631,Leon Britton,1,Two-Way / High-Volume
7780,Lucas Pezzini Leiva,1,Two-Way / High-Volume
3874,Mark Noble,1,Two-Way / High-Volume
3049,Matt Ritchie,1,Two-Way / High-Volume
4587,Matteo Darmian,1,Two-Way / High-Volume
4751,Michael Carrick,1,Two-Way / High-Volume
5489,Mile Jedinak,1,Two-Way / High-Volume
3600,Morgan Schneiderlin,1,Two-Way / High-Volume
3037,Mousa Sidi Yaya Dembélé,1,Two-Way / High-Volume
3961,N''Golo Kanté,1,Two-Way / High-Volume
4590,Nathaniel Edwin Clyne,1,Two-Way / High-Volume
3381,Nemanja Matić,1,Two-Way / High-Volume
3272,Oriol Romeu Vidal,1,Two-Way / High-Volume
3052,Pablo Javier Zabaleta Girod,1,Two-Way / High-Volume
3321,Patrick van Aanholt,1,Two-Way / High-Volume
3897,Pedro Mba Obiang Avomo,1,Two-Way / High-Volume
10967,Robert Brady,1,Two-Way / High-Volume
3608,Simon Francis,1,Two-Way / High-Volume
3828,Steven Davis,1,Two-Way / High-Volume
3605,Sung-Yeung Ki,1,Two-Way / High-Volume
4589,Séamus Coleman,1,Two-Way / High-Volume
3683,Tom Cleverley,1,Two-Way / High-Volume
5540,Valon Behrami,1,Two-Way / High-Volume
3098,Victor Wanyama,1,Two-Way / High-Volume
16072,Vurnon Anita,1,Two-Way / High-Volume
4429,Yann Gérard M''Vila,1,Two-Way / High-Volume
3277,Yohan Cabaye,1,Two-Way / High-Volume
3973,Àngel Rangel Zaragoza,1,Two-Way / High-Volume
4269,Aleksandar Mitrović,2,Finishing Forward
3347,André Ayew Pelé,2,Finishing Forward
4271,Andy Carroll,2,Finishing Forward
20039,Anthony Martial,2,Finishing Forward
26696,Arouna Koné,2,Finishing Forward
20521,Bafétimbi Gomis,2,Finishing Forward
4807,Cameron Jerome,2,Finishing Forward
3380,Christian Benteke Liolo,2,Finishing Forward
20641,Connor Wickham,2,Finishing Forward
3529,Daniel Andre Sturridge,2,Finishing Forward
3962,Diafra Sakho,2,Finishing Forward
5198,Diego da Silva Costa,2,Finishing Forward
23663,Dieumerci Mbokani Bezua,2,Finishing Forward
7171,Fabio Borini,2,Finishing Forward
42699,Gabriel Imuetinyan Agbonlahor,2,Finishing Forward
11062,Graziano Pellè,2,Finishing Forward
10955,Harry Kane,2,Finishing Forward
10960,Jamie Vardy,2,Finishing Forward
3337,Jermain Defoe,2,Finishing Forward
3670,Jonathan Walters,2,Finishing Forward
3450,Jordan Ayew,2,Finishing Forward
3346,Joshua King,2,Finishing Forward
3671,José Leonardo Ulloa,2,Finishing Forward
3265,José Luis Sanmartín Mato,2,Finishing Forward
4041,José Salomón Rondón Giménez,2,Finishing Forward
3603,Mame Biram Diouf,2,Finishing Forward
5458,Odion Jude Ighalo,2,Finishing Forward
3604,Olivier Giroud,2,Finishing Forward
30289,Papiss Demba Cissé,2,Finishing Forward
3289,Romelu Lukaku Menama,2,Finishing Forward
19362,Rudy Gestede,2,Finishing Forward
4630,Saido Berahino,2,Finishing Forward
11117,Scott Sinclair,2,Finishing Forward
3237,Sergio Leonel Agüero del Castillo,2,Finishing Forward
3842,Shane Long,2,Finishing Forward
3810,Shinji Okazaki,2,Finishing Forward
9554,Steven Fletcher,2,Finishing Forward
9528,Steven Naismith,2,Finishing Forward
3668,Theo Walcott,2,Finishing Forward
3454,Troy Deeney,2,Finishing Forward
3598,Wilfried Guemiand Bony,2,Finishing Forward
3517,Aaron Ramsey,3,Creative Attacker
4090,Adam David Lallana,3,Creative Attacker
42902,Adam Johnson,3,Creative Attacker
3385,Alexis Alejandro Sánchez Sánchez,3,Creative Attacker
3297,Andros Townsend,3,Creative Attacker
3076,Ayoze Pérez Gutiérrez,3,Creative Attacker
3094,Bamidele Alli,3,Creative Attacker
4913,Bojan Krkíc Pérez,3,Creative Attacker
6800,Carles Gil de Pareja Vicent,3,Creative Attacker
3043,Christian Dannemann Eriksen,3,Creative Attacker
3064,David Josué Jiménez Silva,3,Creative Attacker
3491,Dimitri Payet,3,Creative Attacker
3831,Dušan Tadić,3,Creative Attacker
3621,Eden Hazard,3,Creative Attacker
3585,Erik Lamela,3,Creative Attacker
3567,Georginio Wijnaldum,3,Creative Attacker
3726,Gerard Deulofeu Lázaro,3,Creative Attacker
4346,Gilbert Gianelli Imbula Wanga,3,Creative Attacker
3087,Gnégnéri Yaya Touré,3,Creative Attacker
3944,Gylfi Þór Sigurðsson,3,Creative Attacker
3083,Heung-Min Son,3,Creative Attacker
4891,Ibrahim Afellay,3,Creative Attacker
3490,James Morrison,3,Creative Attacker
3473,James Philip Milner,3,Creative Attacker
19688,Jason Puncheon,3,Creative Attacker
7063,Jefferson Antonio Montero Vite,3,Creative Attacker
16457,Jeremain Lens,3,Creative Attacker
6821,Jesús Navas González,3,Creative Attacker
3635,Jordon Ibe,3,Creative Attacker
6870,José Manuel Jurado Marín,3,Creative Attacker
3294,Juan Manuel Mata García,3,Creative Attacker
3463,Junior Stanislas,3,Creative Attacker
3089,Kevin De Bruyne,3,Creative Attacker
4317,Kevin Mirallas,3,Creative Attacker
3595,Manuel Lanzini,3,Creative Attacker
3307,Marc Albrighton,3,Creative Attacker
3646,Marc Pugh,3,Creative Attacker
3325,Marko Arnautović,3,Creative Attacker
3296,Marouane Fellaini-Bakkioui,3,Creative Attacker
2988,Memphis Depay,3,Creative Attacker
3496,Mesut Özil,3,Creative Attacker
3349,Michail Antonio,3,Creative Attacker
3091,Moussa Sissoko,3,Creative Attacker
3286,Nathan Redmond,3,Creative Attacker
40122,Oscar dos Santos Emboaba Júnior,3,Creative Attacker
3958,Pedro Eliezer Rodríguez Ledesma,3,Creative Attacker
3501,Philippe Coutinho Correia,3,Creative Attacker
3233,Raheem Sterling,3,Creative Attacker
3814,Riyad Mahrez,3,Creative Attacker
3535,Roberto Firmino Barbosa de Oliveira,3,Creative Attacker
4275,Ross Barkley,3,Creative Attacker
3629,Sadio Mané,3,Creative Attacker
11386,Santiago Cazorla González,3,Creative Attacker
2966,Stéphane Sessègnon,3,Creative Attacker
3963,Victor Moses,3,Creative Attacker
3538,Wayne Mark Rooney,3,Creative Attacker
3449,Wayne Routledge,3,Creative Attacker
10966,Wes Hoolahan,3,Creative Attacker
3507,Wilfried Zaha,3,Creative Attacker
3472,Willian Borges da Silva,3,Creative Attacker
3533,Xherdan Shaqiri,3,Creative Attacker
3589,Yannick Bolasie Yala,3,Creative Attacker
3062,Aaron Cresswell,4,Defensive Player
9642,Alan Hutton,4,Defensive Player
3991,Allan Romeo Nyom,4,Defensive Player
27146,Aly Cissokho,4,Defensive Player
3665,Andrew Philip King,4,Defensive Player
3843,Angelo Obinze Ogbonna,4,Defensive Player
3644,Ashley Williams,4,Defensive Player
5594,Branislav Ivanović,4,Defensive Player
3044,Chancel Mbemba Mangulu,4,Defensive Player
3541,Chris Brunt,4,Defensive Player
10958,Chris Smalling,4,Defensive Player
3041,Ciaran Clark,4,Defensive Player
3263,Craig Cathcart,4,Defensive Player
3523,Craig Dawson,4,Defensive Player
3693,Damien Delaney,4,Defensive Player
3270,Danny Simpson,4,Defensive Player
3658,DeAndre Yedlin,4,Defensive Player
3471,Dejan Lovren,4,Defensive Player
3389,Eliaquim Mangala,4,Defensive Player
26207,Fabricio Coloccini,4,Defensive Player
3290,Federico Fernández,4,Defensive Player
6746,Gabriel Armando de Abreu,4,Defensive Player
3596,Gareth McAuley,4,Defensive Player
3645,Gary Cahill,4,Defensive Player
3480,Geoff Cameron,4,Defensive Player
3498,Ignacio Monreal Eraso,4,Defensive Player
3081,Jamaal Lascelles,4,Defensive Player
3482,James Collins,4,Defensive Player
3316,James Tomkins,4,Defensive Player
3077,Jan Vertonghen,4,Defensive Player
4817,Joe Ledley,4,Defensive Player
3443,Joel Ward,4,Defensive Player
16890,John O''Shea,4,Defensive Player
3244,John Stones,4,Defensive Player
20287,John Terry,4,Defensive Player
20285,Joleon Lescott,4,Defensive Player
20527,Jonas Olsson,4,Defensive Player
11012,Jonathan Grant Evans,4,Defensive Player
3960,José Miguel da Rocha Fonte,4,Defensive Player
4629,José Ramiro Funes Mori,4,Defensive Player
3456,Kurt Happy Zouma,4,Defensive Player
13286,Lamine Koné,4,Defensive Player
3394,Laurent Koscielny,4,Defensive Player
3483,Mamadou Sakho,4,Defensive Player
6560,Marc Muniesa Martínez,4,Defensive Player
3448,Martin Kelly,4,Defensive Player
3576,Martin Olsson,4,Defensive Player
18872,Martin Škrtel,4,Defensive Player
19288,Martín Gastón Demichelis,4,Defensive Player
6631,Mathieu Flamini,4,Defensive Player
22594,Matt Jarvis,4,Defensive Player
3651,Matt Targett,4,Defensive Player
3300,Maya Yoshida,4,Defensive Player
42700,Micah Richards,4,Defensive Player
3288,Miguel Ángel Britos Cabrera,4,Defensive Player
3306,Nathan Aké,4,Defensive Player
9627,Neil Taylor,4,Defensive Player
3090,Nicolás Hernán Otamendi,4,Defensive Player
4884,Pape N''Diaye Souaré,4,Defensive Player
3065,Paul Dummett,4,Defensive Player
3475,Per Mertesacker,4,Defensive Player
20046,Phil Jagielka,4,Defensive Player
40121,Philipp Wollscheid,4,Defensive Player
3590,Rhu-endly Martina,4,Defensive Player
40123,Robert Huth,4,Defensive Player
21212,Russell Martin,4,Defensive Player
9930,Ryan Bennett,4,Defensive Player
20045,Ryan Bertrand,4,Defensive Player
4035,Ryan Shawcross,4,Defensive Player
3407,Scott Dann,4,Defensive Player
3309,Sebastian Prödl,4,Defensive Player
6300,Sebastián Coates Nión,4,Defensive Player
3341,Steve Cook,4,Defensive Player
31296,Sébastien Aymar Bassong Nguena,4,Defensive Player
24380,Tetchi Jores Charlemagne Ulrich Okore,4,Defensive Player
20005,Toby Alderweireld,4,Defensive Player
9626,Tommy Elphick,4,Defensive Player
3101,Vincent Kompany,4,Defensive Player
3669,Virgil van Dijk,4,Defensive Player
3813,Wes Morgan,4,Defensive Player
4280,Winston Reid,4,Defensive Player
4746,Younes Kaboul,4,Defensive Player
